cell_id,p1_2017,p2_2017,qol_2017,p1_2018,p2_2018,qol_2018,p1_2022,p2_2022,qol_2022,p1_2023,p2_2023,qol_2023,crime_early_17_18,crime_recent_22_23,crime_total_pre2024,crime_change_early_to_recent,qol_pct_pre2024,viol_2017,viol_2018,viol_2019,viol_2020,viol_2021,viol_2022,viol_2023,viol_total_pre2024,viol_early_17_18,viol_recent_22_23,viol_change_early_to_recent,vacant,high_vacancy,value_growth_10_18,med_value_2010,med_value_2018
0,0,0,0,0,0,0,0,0,0,0,0,0,0,0,0,0,0.0,0,0,0,0,0,0,0,0,0,0,0,0,0,,,
1,0,0,0,0,0,0,0,0,0,0,0,0,0,0,0,0,0.0,0,0,0,0,0,0,0,0,0,0,0,0,0,,,
2,0,0,0,0,0,0,0,0,0,0,0,0,0,0,0,0,0.0,0,0,0,0,0,0,0,0,0,0,0,0,0,,,
3,0,0,0,0,0,0,0,0,0,0,0,0,0,0,0,0,0.0,0,0,0,0,0,0,0,0,0,0,0,0,0,,,
4,0,0,0,0,0,0,0,0,0,0,0,0,0,0,0,0,0.0,0,0,0,0,0,0,0,0,0,0,0,0,0,,,
5,0,0,0,0,0,0,0,0,0,0,0,0,0,0,0,0,0.0,0,0,0,0,0,0,0,0,0,0,0,0,0,,,
6,0,0,0,0,0,0,0,0,0,0,0,0,0,0,0,0,0.0,0,0,0,0,0,0,0,0,0,0,0,0,0,,,
7,0,0,0,1,0,0,0,0,0,0,1,0,1,1,2,0,0.0,2,0,0,3,1,1,4,11,2,5,3,1,0,0.0,127000.0,127000.0
8,0,0,0,0,0,0,0,0,0,0,0,0,0,0,0,0,0.0,1,1,2,2,1,1,0,8,2,1,-1,0,0,0.0,110100.0,110100.0
9,0,0,0,0,0,0,0,0,0,0,0,0,0,0,0,0,0.0,0,0,0,0,0,0,0,0,0,0,0,0,0,,,
10,0,0,0,0,0,0,0,0,0,0,0,0,0,0,0,0,0.0,0,0,0,0,0,0,0,0,0,0,0,0,0,,,
11,0,0,0,0,0,0,0,0,0,0,0,0,0,0,0,0,0.0,0,0,0,0,0,0,0,0,0,0,0,0,0,,,
12,0,0,0,0,0,0,0,0,0,0,0,0,0,0,0,0,0.0,0,0,0,0,0,0,0,0,0,0,0,0,0,,,
13,0,0,0,0,0,0,0,0,0,0,0,0,0,0,0,0,0.0,0,0,0,0,0,1,0,1,0,1,1,0,0,0.0,66600.0,66600.0
14,0,0,0,0,0,0,3,0,0,3,7,1,0,13,13,13,0.07692307692307693,18,19,43,21,30,56,13,200,37,69,32,5,1,0.0,61000.0,61000.0
15,0,0,0,0,0,0,0,0,0,0,0,0,0,0,0,0,0.0,0,0,0,0,0,0,0,0,0,0,0,0,0,,,
16,0,0,0,0,0,0,0,0,0,0,0,0,0,0,0,0,0.0,0,0,0,0,0,0,0,0,0,0,0,0,0,,,
17,0,0,0,0,0,0,0,0,0,0,0,0,0,0,0,0,0.0,0,0,0,0,0,0,0,0,0,0,0,0,0,,,
18,0,0,0,0,0,0,0,0,0,0,0,0,0,0,0,0,0.0,0,0,0,0,0,0,0,0,0,0,0,0,0,,,
19,0,0,0,0,0,0,0,0,0,0,0,0,0,0,0,0,0.0,0,0,0,0,0,0,0,0,0,0,0,0,0,,,
20,0,0,0,0,0,0,0,0,0,0,0,0,0,0,0,0,0.0,0,0,0,0,0,0,0,0,0,0,0,0,0,,,
21,0,0,0,0,0,0,0,0,0,0,0,0,0,0,0,0,0.0,0,0,0,0,0,0,0,0,0,0,0,0,0,,,
22,0,0,0,0,0,0,0,0,0,0,0,0,0,0,0,0,0.0,0,0,0,0,0,0,0,0,0,0,0,0,0,,,
23,0,0,0,0,0,0,0,0,0,0,0,0,0,0,0,0,0.0,0,0,0,0,0,0,0,0,0,0,0,0,0,,,
24,0,0,0,0,0,0,0,0,0,0,0,0,0,0,0,0,0.0,0,0,0,0,0,0,0,0,0,0,0,0,0,,,
25,0,0,0,0,0,0,0,0,0,0,0,0,0,0,0,0,0.0,0,0,0,0,0,0,0,0,0,0,0,0,0,,,
26,0,0,0,0,0,0,0,0,0,0,0,0,0,0,0,0,0.0,0,0,0,0,0,0,0,0,0,0,0,0,0,,,
27,0,0,0,0,0,0,0,0,0,0,0,0,0,0,0,0,0.0,1,0,0,1,0,0,0,2,1,0,-1,1,0,0.0,125000.0,125000.0
28,0,0,0,3,0,0,1,0,0,1,1,0,3,3,6,0,0.0,4,1,1,3,4,20,3,36,5,23,18,1,0,0.05649717514124294,88500.0,93500.0
29,0,0,0,28,0,0,13,0,0,51,5,0,28,69,97,41,0.0,0,0,0,0,4,0,0,4,0,0,0,0,0,0.36363636363636365,660000.0,900000.0
30,0,0,0,0,0,0,0,0,0,0,0,0,0,0,0,0,0.0,0,0,0,0,0,0,0,0,0,0,0,0,0,,,
31,0,0,0,0,0,0,0,0,0,0,0,0,0,0,0,0,0.0,0,0,0,0,0,0,0,0,0,0,0,0,0,,,
32,0,0,0,2,0,0,0,0,0,0,0,0,2,0,2,-2,0.0,6,3,7,5,5,13,18,57,9,31,22,0,0,0.022727272727272728,66000.0,67500.0
33,0,0,0,7,0,0,16,0,0,18,23,3,7,57,64,50,0.046875,19,22,36,47,100,42,99,365,41,141,100,6,1,-0.026627218934911243,67600.0,65800.0
34,0,0,0,28,0,0,23,0,0,22,26,3,28,71,99,43,0.030303030303030304,86,87,95,118,152,198,120,856,173,318,145,12,1,0.0,68000.0,68000.0
35,0,0,0,1,0,0,3,0,0,1,3,0,1,7,8,6,0.0,20,15,15,5,19,33,12,119,35,45,10,2,0,0.0,50000.0,50000.0
36,0,0,0,0,0,0,0,0,0,0,0,0,0,0,0,0,0.0,0,0,0,0,0,0,0,0,0,0,0,0,0,,,
37,0,0,0,0,0,0,0,0,0,0,0,0,0,0,0,0,0.0,0,0,0,0,0,0,0,0,0,0,0,0,0,,,
38,0,0,0,0,0,0,0,0,0,0,0,0,0,0,0,0,0.0,0,0,0,0,0,0,0,0,0,0,0,0,0,,,
39,0,0,0,0,0,0,0,0,0,0,0,0,0,0,0,0,0.0,0,0,0,0,0,0,0,0,0,0,0,0,0,,,
40,0,0,0,0,0,0,0,0,0,0,0,0,0,0,0,0,0.0,0,0,0,0,0,0,0,0,0,0,0,0,0,,,
41,0,0,0,0,0,0,0,0,0,0,0,0,0,0,0,0,0.0,0,0,0,0,0,0,0,0,0,0,0,0,0,,,
42,0,0,0,0,0,0,0,0,0,0,0,0,0,0,0,0,0.0,0,0,0,0,0,0,0,0,0,0,0,0,0,,,
43,0,0,0,0,0,0,0,0,0,0,0,0,0,0,0,0,0.0,0,0,0,0,0,0,0,0,0,0,0,0,0,,,
44,0,0,0,0,0,0,0,0,0,0,0,0,0,0,0,0,0.0,0,0,0,0,0,0,0,0,0,0,0,0,0,,,
45,0,0,0,0,0,0,0,0,0,0,0,0,0,0,0,0,0.0,0,0,0,0,0,0,0,0,0,0,0,0,0,,,
46,0,0,0,0,0,0,0,0,0,0,0,0,0,0,0,0,0.0,0,0,0,0,0,0,0,0,0,0,0,0,0,,,
47,0,0,0,0,0,0,0,0,0,0,0,0,0,0,0,0,0.0,0,0,0,0,0,0,0,0,0,0,0,0,0,,,
48,0,0,0,1,0,0,0,0,0,2,1,0,1,3,4,2,0.0,2,1,8,2,3,2,5,23,3,7,4,0,0,0.0,77950.0,77950.0
49,0,0,0,1,0,0,1,0,0,0,2,1,1,3,4,2,0.25,0,8,6,4,6,10,3,37,8,13,5,0,0,0.0,89900.0,89900.0
50,0,0,0,0,0,0,0,0,0,0,0,0,0,0,0,0,0.0,0,0,0,0,0,0,0,0,0,0,0,0,0,,,
51,0,0,0,0,0,0,0,0,0,1,0,0,0,1,1,1,0.0,1,0,2,10,5,5,2,25,1,7,6,1,0,0.0,68000.0,68000.0
52,0,0,0,12,0,0,7,0,0,12,9,1,12,28,40,16,0.025,13,6,17,54,35,26,32,183,19,58,39,3,1,0.06875,72000.0,76950.0
53,0,0,0,16,0,0,16,0,0,16,24,5,16,56,72,40,0.06944444444444445,21,22,25,44,146,103,85,446,43,188,145,4,1,-0.07340553549939831,83100.0,77000.0
54,0,0,0,7,0,0,14,0,0,7,20,4,7,41,48,34,0.08333333333333333,23,20,9,37,80,64,44,277,43,108,65,7,1,0.0,62400.0,62400.0
55,0,0,0,0,0,0,0,0,0,0,0,0,0,0,0,0,0.0,0,0,0,0,0,0,0,0,0,0,0,0,0,,,
56,0,0,0,0,0,0,0,0,0,0,0,0,0,0,0,0,0.0,0,0,0,0,0,0,0,0,0,0,0,0,0,,,
57,0,0,0,0,0,0,0,0,0,0,0,0,0,0,0,0,0.0,0,0,0,0,0,0,0,0,0,0,0,0,0,,,
58,0,0,0,0,0,0,0,0,0,0,0,0,0,0,0,0,0.0,0,0,0,0,0,0,0,0,0,0,0,0,0,,,
59,0,0,0,0,0,0,0,0,0,0,0,0,0,0,0,0,0.0,0,0,0,0,0,0,0,0,0,0,0,0,0,,,
60,0,0,0,0,0,0,0,0,0,0,0,0,0,0,0,0,0.0,0,0,0,0,0,0,0,0,0,0,0,0,0,,,
61,0,0,0,0,0,0,0,0,0,0,0,0,0,0,0,0,0.0,0,0,0,0,0,0,0,0,0,0,0,0,0,,,
62,0,0,0,0,0,0,0,0,0,0,0,0,0,0,0,0,0.0,0,0,0,0,0,0,0,0,0,0,0,0,0,,,
63,0,0,0,0,0,0,0,0,0,0,0,0,0,0,0,0,0.0,0,0,0,0,0,0,0,0,0,0,0,0,0,,,
64,0,0,0,0,0,0,0,0,0,0,0,0,0,0,0,0,0.0,0,0,0,0,0,0,0,0,0,0,0,0,0,,,
65,0,0,0,0,0,0,0,0,0,0,0,0,0,0,0,0,0.0,0,0,0,0,0,0,0,0,0,0,0,0,0,,,
66,0,0,0,0,0,0,0,0,0,0,0,0,0,0,0,0,0.0,0,0,0,0,0,0,0,0,0,0,0,0,0,,,
67,0,0,0,0,0,0,0,0,0,0,0,0,0,0,0,0,0.0,0,0,0,0,0,0,0,0,0,0,0,0,0,,,
68,0,0,0,1,0,0,3,0,0,3,0,0,1,6,7,5,0.0,2,4,6,4,5,5,6,32,6,11,5,1,0,0.0,80000.0,80000.0
69,0,0,0,8,0,0,2,0,0,9,7,1,8,18,26,10,0.038461538461538464,10,34,36,19,93,52,92,336,44,144,100,6,1,0.0,75000.0,75000.0
70,0,0,0,0,0,0,0,0,0,0,0,0,0,0,0,0,0.0,0,0,0,0,0,0,0,0,0,0,0,0,0,,,
71,0,0,0,7,0,0,3,0,0,6,4,0,7,13,20,6,0.0,3,14,12,10,7,22,26,94,17,48,31,1,0,0.04861111111111111,72000.0,75500.0
72,0,0,0,19,0,0,6,0,0,13,10,1,19,29,48,10,0.020833333333333332,33,25,31,87,96,65,58,395,58,123,65,10,1,0.02666666666666667,75000.0,77000.0
73,0,0,0,17,0,0,27,0,0,23,25,6,17,75,92,58,0.06521739130434782,33,36,38,30,64,55,90,346,69,145,76,6,1,0.0,86900.0,86900.0
74,0,0,0,1,0,0,1,0,0,0,1,1,1,2,3,1,0.3333333333333333,0,0,2,0,3,6,2,13,0,8,8,1,0,0.0,140000.0,140000.0
75,0,0,0,0,0,0,0,0,0,0,0,0,0,0,0,0,0.0,0,0,0,0,0,0,0,0,0,0,0,0,0,,,
76,0,0,0,0,0,0,0,0,0,0,0,0,0,0,0,0,0.0,0,0,0,0,0,0,0,0,0,0,0,0,0,,,
77,0,0,0,0,0,0,0,0,0,0,0,0,0,0,0,0,0.0,0,0,0,0,0,0,0,0,0,0,0,0,0,,,
78,0,0,0,0,0,0,0,0,0,0,0,0,0,0,0,0,0.0,0,0,0,0,0,0,0,0,0,0,0,0,0,,,
79,0,0,0,0,0,0,0,0,0,0,0,0,0,0,0,0,0.0,0,0,0,0,0,0,0,0,0,0,0,0,0,,,
80,0,0,0,0,0,0,0,0,0,0,0,0,0,0,0,0,0.0,0,0,0,0,0,0,0,0,0,0,0,0,0,,,
81,0,0,0,0,0,0,0,0,0,0,0,0,0,0,0,0,0.0,0,0,0,0,0,0,0,0,0,0,0,0,0,,,
82,0,0,0,0,0,0,0,0,0,0,0,0,0,0,0,0,0.0,0,0,0,0,0,0,0,0,0,0,0,0,0,,,
83,0,0,0,0,0,0,0,0,0,0,0,0,0,0,0,0,0.0,0,0,0,0,0,0,0,0,0,0,0,0,0,,,
84,0,0,0,0,0,0,0,0,0,0,0,0,0,0,0,0,0.0,0,0,0,0,0,0,0,0,0,0,0,0,0,,,
85,0,0,0,0,0,0,0,0,0,0,0,0,0,0,0,0,0.0,0,0,0,0,0,0,0,0,0,0,0,0,0,,,
86,0,0,0,0,0,0,0,0,0,0,0,0,0,0,0,0,0.0,0,0,0,0,0,0,0,0,0,0,0,0,0,,,
87,0,0,0,0,0,0,0,0,0,0,0,0,0,0,0,0,0.0,2,1,0,0,0,3,3,9,3,6,3,1,0,0.09523809523809523,105000.0,115000.0
88,0,0,0,3,0,0,5,0,0,9,7,2,3,21,24,18,0.08333333333333333,11,11,14,15,20,32,25,128,22,57,35,4,1,0.0,66000.0,66000.0
89,0,0,0,31,0,0,35,0,0,30,50,6,31,115,146,84,0.0410958904109589,81,130,106,109,185,294,216,1121,211,510,299,11,1,-0.03225806451612903,62000.0,60000.0
90,0,0,0,9,0,0,22,0,0,16,31,14,9,69,78,60,0.1794871794871795,27,66,54,91,144,77,111,570,93,188,95,8,1,-0.022727272727272728,44000.0,43000.0
91,0,0,0,1,0,0,1,0,0,0,0,0,1,1,2,0,0.0,2,0,0,4,9,3,4,22,2,7,5,1,0,0.0,72000.0,72000.0
92,0,0,0,29,0,0,25,0,0,37,20,3,29,82,111,53,0.02702702702702703,3,20,23,44,118,79,142,429,23,221,198,5,1,0.11801242236024845,80500.0,90000.0
93,0,0,0,15,0,0,21,0,0,31,36,2,15,88,103,73,0.019417475728155338,15,45,10,28,32,57,81,268,60,138,78,7,1,-0.1111111111111111,54000.0,48000.0
94,0,0,0,1,0,0,6,0,0,13,6,2,1,25,26,24,0.07692307692307693,0,0,0,0,0,0,0,0,0,0,0,0,0,0.0,350000.0,350000.0
95,0,0,0,0,0,0,0,0,0,0,0,0,0,0,0,0,0.0,1,0,0,0,9,0,1,11,1,1,0,0,0,0.0,210000.0,210000.0
96,0,0,0,0,0,0,0,0,0,0,0,0,0,0,0,0,0.0,0,0,0,0,0,0,0,0,0,0,0,0,0,,,
97,0,0,0,0,0,0,0,0,0,0,0,0,0,0,0,0,0.0,0,0,0,0,0,0,0,0,0,0,0,0,0,,,
98,0,0,0,0,0,0,0,0,0,0,0,0,0,0,0,0,0.0,0,0,0,0,0,0,0,0,0,0,0,0,0,,,
99,0,0,0,0,0,0,0,0,0,0,0,0,0,0,0,0,0.0,0,0,0,0,0,0,0,0,0,0,0,0,0,,,
100,0,0,0,0,0,0,0,0,0,0,0,0,0,0,0,0,0.0,0,0,0,0,0,0,0,0,0,0,0,0,0,,,
101,0,0,0,0,0,0,0,0,0,0,0,0,0,0,0,0,0.0,0,0,0,0,0,0,0,0,0,0,0,0,0,,,
102,0,0,0,0,0,0,0,0,0,0,0,0,0,0,0,0,0.0,0,0,0,0,0,0,0,0,0,0,0,0,0,,,
103,0,0,0,0,0,0,0,0,0,0,0,0,0,0,0,0,0.0,0,0,0,0,0,0,0,0,0,0,0,0,0,,,
104,0,0,0,0,0,0,0,0,0,0,0,0,0,0,0,0,0.0,0,0,0,0,0,0,0,0,0,0,0,0,0,,,
105,0,0,0,0,0,0,0,0,0,0,0,0,0,0,0,0,0.0,0,0,0,0,0,0,0,0,0,0,0,0,0,,,
106,0,0,0,4,0,0,2,0,0,1,4,0,4,7,11,3,0.0,0,0,0,0,0,2,2,4,0,4,4,1,0,0.0,91250.0,91250.0
107,0,0,0,0,0,0,4,0,0,6,3,1,0,13,13,13,0.07692307692307693,1,4,2,13,17,19,34,90,5,53,48,4,1,0.125,80000.0,90000.0
108,0,0,0,5,0,0,8,0,0,10,4,2,5,22,27,17,0.07407407407407407,12,6,22,15,10,21,15,101,18,36,18,1,0,0.0,86200.0,86200.0
109,0,0,0,16,0,0,11,0,0,24,32,4,16,67,83,51,0.04819277108433735,92,80,133,111,321,310,333,1380,172,643,471,19,1,0.0,55000.0,55000.0
110,0,0,0,15,0,0,25,0,0,32,62,11,15,119,134,104,0.08208955223880597,109,77,116,214,312,308,385,1521,186,693,507,14,1,-0.013157894736842105,45600.0,45000.0
111,0,0,0,17,0,0,9,0,0,1,17,2,17,27,44,10,0.045454545454545456,6,24,26,50,66,41,30,243,30,71,41,2,0,0.0,36700.0,36700.0
112,0,0,0,12,0,0,16,0,0,17,29,4,12,62,74,50,0.05405405405405406,79,44,102,98,113,139,116,691,123,255,132,17,1,0.0,44000.0,44000.0
113,0,0,0,22,0,0,25,0,0,31,47,7,22,103,125,81,0.056,48,123,140,146,305,330,231,1323,171,561,390,16,1,-0.013806706114398421,50700.0,50000.0
114,0,0,0,6,0,0,4,0,0,7,11,1,6,22,28,16,0.03571428571428571,1,17,7,11,20,22,30,108,18,52,34,1,0,0.0,48000.0,48000.0
115,0,0,0,4,0,0,5,0,0,8,2,0,4,15,19,11,0.0,0,1,0,0,5,1,0,7,1,1,0,0,0,0.0,502500.0,502500.0
116,0,0,0,0,0,0,278,0,0,450,128,15,0,856,856,856,0.017523364485981307,0,0,0,0,0,0,0,0,0,0,0,0,0,,,
117,0,0,0,0,0,0,6,0,0,0,0,0,0,6,6,6,0.0,5,0,39,41,39,114,62,300,5,176,171,0,0,0.0,336000000.0,318640000.0
118,0,0,0,0,0,0,0,0,0,0,0,0,0,0,0,0,0.0,0,0,0,0,0,0,0,0,0,0,0,0,0,,,
119,0,0,0,0,0,0,0,0,0,0,0,0,0,0,0,0,0.0,0,0,0,0,0,0,0,0,0,0,0,0,0,,,
120,0,0,0,0,0,0,0,0,0,0,0,0,0,0,0,0,0.0,0,0,0,0,0,0,0,0,0,0,0,0,0,,,
121,0,0,0,0,0,0,0,0,0,0,0,0,0,0,0,0,0.0,0,0,0,0,0,0,0,0,0,0,0,0,0,,,
122,0,0,0,0,0,0,0,0,0,0,0,0,0,0,0,0,0.0,0,0,0,0,0,0,0,0,0,0,0,0,0,,,
123,0,0,0,0,0,0,0,0,0,0,0,0,0,0,0,0,0.0,0,0,0,0,0,0,0,0,0,0,0,0,0,,,
124,0,0,0,0,0,0,0,0,0,0,0,0,0,0,0,0,0.0,0,0,0,0,0,0,0,0,0,0,0,0,0,,,
125,0,0,0,2,0,0,1,0,0,1,3,0,2,5,7,3,0.0,12,3,0,4,0,30,3,52,15,33,18,0,0,0.0,65000.0,65000.0
126,0,0,0,1,0,0,4,0,0,1,7,2,1,12,13,11,0.15384615384615385,2,0,1,7,5,8,1,24,2,9,7,1,0,0.11764705882352941,68000.0,76000.0
127,0,0,0,6,0,0,4,0,0,11,5,1,6,20,26,14,0.038461538461538464,4,1,5,7,10,6,5,38,5,11,6,1,0,0.16397228637413394,108250.0,126000.0
128,0,0,0,8,0,0,4,0,0,7,15,3,8,26,34,18,0.08823529411764706,5,23,10,11,20,44,33,146,28,77,49,5,1,0.026282853566958697,79900.0,82000.0
129,0,0,0,37,0,0,19,0,0,20,31,6,37,70,107,33,0.056074766355140186,61,136,151,126,330,191,211,1206,197,402,205,13,1,-0.03238095238095238,52500.0,50800.0
130,0,0,0,33,0,0,31,0,0,57,84,13,33,172,205,139,0.06341463414634146,118,148,193,182,397,333,365,1736,266,698,432,31,1,-0.05128205128205128,39000.0,37000.0
131,0,0,0,21,0,0,13,0,0,25,27,5,21,65,86,44,0.05813953488372093,36,48,65,103,201,210,175,838,84,385,301,10,1,0.06157112526539278,47100.0,50000.0
132,0,0,0,20,0,0,42,0,0,32,37,12,20,111,131,91,0.0916030534351145,36,12,10,23,32,24,39,176,48,63,15,4,1,0.011111111111111112,45000.0,45500.0
133,0,0,0,39,0,0,32,0,0,54,84,12,39,170,209,131,0.05741626794258373,30,86,52,85,332,201,213,999,116,414,298,20,1,0.0,55000.0,55000.0
134,0,0,0,8,0,0,7,0,0,8,8,0,8,23,31,15,0.0,25,14,3,24,60,47,25,198,39,72,33,2,0,0.015873015873015872,47250.0,48000.0
135,0,0,0,0,0,0,3,0,0,2,0,0,0,5,5,5,0.0,0,0,0,0,0,0,0,0,0,0,0,0,0,,,
136,0,0,0,0,0,0,1,0,0,0,0,0,0,1,1,1,0.0,0,0,0,0,0,6,1,7,0,7,7,0,0,0.0,4670000.0,13585000.0
137,0,0,0,5,0,0,1,0,0,4,2,0,5,7,12,2,0.0,0,0,0,0,0,0,0,0,0,0,0,0,0,,,
138,0,0,0,0,0,0,0,0,0,0,0,0,0,0,0,0,0.0,0,7,0,0,0,0,0,7,7,0,-7,0,0,0.0,2626000.0,2626000.0
139,0,0,0,0,0,0,0,0,0,0,0,0,0,0,0,0,0.0,0,0,0,0,0,0,0,0,0,0,0,0,0,,,
140,0,0,0,0,0,0,0,0,0,0,0,0,0,0,0,0,0.0,0,0,0,0,0,0,0,0,0,0,0,0,0,,,
141,0,0,0,0,0,0,0,0,0,0,0,0,0,0,0,0,0.0,0,0,0,0,0,0,0,0,0,0,0,0,0,,,
142,0,0,0,0,0,0,0,0,0,0,0,0,0,0,0,0,0.0,0,0,0,0,0,0,0,0,0,0,0,0,0,,,
143,0,0,0,0,0,0,0,0,0,0,0,0,0,0,0,0,0.0,0,0,0,0,0,0,0,0,0,0,0,0,0,,,
144,0,0,0,0,0,0,0,0,0,0,0,0,0,0,0,0,0.0,0,0,0,0,0,0,0,0,0,0,0,0,0,,,
145,0,0,0,3,0,0,3,0,0,0,3,0,3,6,9,3,0.0,5,5,18,16,9,30,27,110,10,57,47,3,1,0.0,85000.0,85000.0
146,0,0,0,4,0,0,6,0,0,3,8,1,4,17,21,13,0.047619047619047616,46,30,47,48,88,111,71,441,76,182,106,5,1,-0.009174311926605505,54500.0,54000.0
147,0,0,0,3,0,0,5,0,0,10,20,1,3,35,38,32,0.02631578947368421,37,25,47,49,119,65,72,414,62,137,75,5,1,0.02129471890971039,58700.0,59950.0
148,0,0,0,5,0,0,0,0,0,0,0,0,5,0,5,-5,0.0,14,6,2,7,12,4,16,61,20,20,0,2,0,0.0,50000.0,50000.0
149,0,0,0,28,0,0,33,0,0,33,38,10,28,104,132,76,0.07575757575757576,49,33,77,77,208,118,107,669,82,225,143,16,1,0.0,42000.0,42000.0
150,0,0,0,24,0,0,25,0,0,15,50,1,24,90,114,66,0.008771929824561403,59,71,134,101,262,224,251,1102,130,475,345,17,1,-0.047619047619047616,39900.0,38000.0
151,0,0,0,33,0,0,35,0,0,39,64,11,33,138,171,105,0.06432748538011696,83,84,87,125,257,298,211,1145,167,509,342,13,1,-0.034482758620689655,29000.0,28000.0
152,0,0,0,23,0,0,20,0,0,17,20,6,23,57,80,34,0.075,10,13,8,44,80,75,56,286,23,131,108,9,1,0.17302052785923755,34100.0,40000.0
153,0,0,0,20,0,0,15,0,0,23,23,4,20,61,81,41,0.04938271604938271,22,12,20,34,331,157,53,629,34,210,176,7,1,0.0,70200.0,70200.0
154,0,0,0,4,0,0,10,0,0,15,6,2,4,31,35,27,0.05714285714285714,6,5,2,19,1,19,5,57,11,24,13,0,0,0.0,149000.0,149000.0
155,0,0,0,0,0,0,9,0,0,5,12,2,0,26,26,26,0.07692307692307693,0,0,0,1,0,4,0,5,0,4,4,0,0,,,1245000.0
156,0,0,0,7,0,0,6,0,0,9,10,3,7,25,32,18,0.09375,0,3,9,36,42,29,25,144,3,54,51,1,0,0.0,82000.0,82000.0
157,0,0,0,19,0,0,44,0,0,44,29,7,19,117,136,98,0.051470588235294115,26,2,23,40,25,38,68,222,28,106,78,2,0,0.08024691358024691,64800.0,70000.0
158,0,0,0,1,0,0,0,0,0,0,0,0,1,0,1,-1,0.0,0,0,0,0,0,3,1,4,0,4,4,0,0,0.0,325000.0,325000.0
159,0,0,0,0,0,0,0,0,0,0,0,0,0,0,0,0,0.0,0,0,0,0,0,0,0,0,0,0,0,0,0,,,
160,0,0,0,0,0,0,0,0,0,0,0,0,0,0,0,0,0.0,0,0,0,0,0,0,0,0,0,0,0,0,0,,,
161,0,0,0,0,0,0,0,0,0,0,0,0,0,0,0,0,0.0,0,0,0,0,0,0,0,0,0,0,0,0,0,,,
162,0,0,0,0,0,0,0,0,0,0,0,0,0,0,0,0,0.0,0,0,0,0,0,5,1,6,0,6,6,1,0,0.0,64500.0,64500.0
163,0,0,0,1,0,0,4,0,0,4,4,1,1,12,13,11,0.07692307692307693,1,0,2,8,3,7,1,22,1,8,7,0,0,0.0,71000.0,71000.0
164,0,0,0,3,0,0,0,0,0,5,4,2,3,9,12,6,0.16666666666666666,0,7,1,8,9,9,4,38,7,13,6,1,0,0.0,57000.0,57000.0
165,0,0,0,7,0,0,7,0,0,23,12,4,7,42,49,35,0.08163265306122448,28,16,8,21,35,21,54,183,44,75,31,3,1,-0.02490421455938697,52200.0,50900.0
166,0,0,0,17,0,0,16,0,0,16,30,5,17,62,79,45,0.06329113924050633,67,34,63,62,159,107,93,585,101,200,99,13,1,0.0,50000.0,50000.0
167,0,0,0,15,0,0,16,0,0,40,56,7,15,112,127,97,0.05511811023622047,127,125,130,183,267,271,262,1365,252,533,281,24,1,-0.05263157894736842,47500.0,45000.0
168,0,0,0,31,0,0,25,0,0,27,37,11,31,89,120,58,0.09166666666666666,69,64,90,78,168,142,143,754,133,285,152,11,1,-0.1,50000.0,45000.0
169,0,0,0,42,0,0,22,0,0,34,36,3,42,92,134,50,0.022388059701492536,81,160,258,130,259,246,224,1358,241,470,229,33,1,0.0,36500.0,36500.0
170,0,0,0,52,0,0,44,0,0,47,66,6,52,157,209,105,0.028708133971291867,60,87,81,131,401,275,139,1174,147,414,267,18,1,0.0,85000.0,85000.0
171,0,0,0,44,0,0,35,0,0,34,51,11,44,120,164,76,0.06707317073170732,22,19,38,63,90,91,111,434,41,202,161,7,1,0.0,40600.0,40600.0
172,0,0,0,15,0,0,22,0,0,27,49,9,15,98,113,83,0.07964601769911504,3,18,3,32,102,43,28,229,21,71,50,3,1,0.8111111111111111,45000.0,81500.0
173,0,0,0,24,0,0,30,0,0,27,10,2,24,67,91,43,0.02197802197802198,3,3,2,12,22,24,15,81,6,39,33,2,0,0.544,125000.0,193000.0
174,0,0,0,5,0,0,18,0,0,16,13,3,5,47,52,42,0.057692307692307696,0,0,2,2,10,1,5,20,0,6,6,0,0,2.690036900369004,271000.0,1450000.0
175,0,0,0,6,0,0,13,0,0,7,9,2,6,29,35,23,0.05714285714285714,0,0,2,7,0,17,8,34,0,25,25,0,0,1.5974025974025974,385000.0,1610000.0
176,0,0,0,37,0,0,43,0,0,64,64,8,37,171,208,134,0.038461538461538464,95,93,106,203,321,233,262,1313,188,495,307,16,1,-0.04918032786885246,61000.0,58000.0
177,0,0,0,22,0,0,48,0,0,32,56,14,22,136,158,114,0.08860759493670886,69,80,119,200,346,328,283,1425,149,611,462,18,1,0.0,60000.0,60000.0
178,0,0,0,13,0,0,38,0,0,22,18,7,13,78,91,65,0.07692307692307693,22,38,61,70,195,109,101,596,60,210,150,9,1,0.0,60000.0,60000.0
179,0,0,0,3,0,0,1,0,0,0,4,1,3,5,8,2,0.125,1,0,0,0,0,3,0,4,1,3,2,0,0,0.0,690000.0,690000.0
180,0,0,0,0,0,0,0,0,0,0,0,0,0,0,0,0,0.0,0,0,0,0,0,0,0,0,0,0,0,0,0,0.0,87500.0,87500.0
181,0,0,0,0,0,0,0,0,0,0,0,0,0,0,0,0,0.0,0,0,0,0,0,0,0,0,0,0,0,0,0,,,
182,0,0,0,1,0,0,2,0,0,1,2,1,1,5,6,4,0.16666666666666666,3,5,16,11,16,4,6,61,8,10,2,3,1,0.0,60000.0,60000.0
183,0,0,0,28,0,0,32,0,0,55,54,13,28,141,169,113,0.07692307692307693,44,22,20,24,36,46,67,259,66,113,47,5,1,0.0,75000.0,75000.0
184,0,0,0,12,0,0,28,0,0,36,34,5,12,98,110,86,0.045454545454545456,79,48,22,71,224,82,93,619,127,175,48,8,1,-0.023076923076923078,65000.0,63500.0
185,0,0,0,10,0,0,24,0,0,14,21,6,10,59,69,49,0.08695652173913043,27,34,21,27,59,95,89,352,61,184,123,11,1,-0.01768172888015717,50900.0,50000.0
186,0,0,0,22,0,0,7,0,0,26,38,7,22,71,93,49,0.07526881720430108,62,40,105,44,101,87,77,516,102,164,62,15,1,0.0,36000.0,36000.0
187,0,0,0,20,0,0,20,0,0,27,38,8,20,85,105,65,0.0761904761904762,133,66,141,126,199,138,219,1022,199,357,158,19,1,-0.005012531328320802,39900.0,39700.0
188,0,0,0,4,0,0,11,0,0,3,6,0,4,20,24,16,0.0,84,81,68,111,195,91,114,744,165,205,40,9,1,-0.024390243902439025,41000.0,40000.0
189,0,0,0,18,0,0,22,0,0,26,39,3,18,87,105,69,0.02857142857142857,10,74,71,62,120,103,140,580,84,243,159,13,1,-0.009722222222222222,36000.0,35650.0
190,0,0,0,20,0,0,16,0,0,15,30,4,20,61,81,41,0.04938271604938271,28,64,45,56,75,126,130,524,92,256,164,10,1,-0.023943661971830985,35500.0,34650.0
191,0,0,0,39,0,0,44,0,0,58,88,11,39,190,229,151,0.048034934497816595,5,4,13,25,92,90,40,269,9,130,121,7,1,0.0,140000.0,140000.0
192,0,0,0,76,0,0,75,0,0,83,105,21,76,263,339,187,0.061946902654867256,7,18,22,111,236,152,53,599,25,205,180,0,0,0.35135135135135137,740000.0,1231100.0
193,0,0,0,25,0,0,39,0,0,33,25,6,25,97,122,72,0.04918032786885246,0,1,0,56,77,52,25,211,1,77,76,0,0,0.9020833333333333,480000.0,913000.0
194,0,0,0,22,0,0,29,0,0,27,8,1,22,64,86,42,0.011627906976744186,11,12,13,7,52,77,17,189,23,94,71,1,0,0.0,296000.0,296000.0
195,0,0,0,57,0,0,51,0,0,44,61,14,57,156,213,99,0.06572769953051644,42,87,79,210,416,356,252,1442,129,608,479,22,1,0.0,58000.0,58000.0
196,0,0,0,34,0,0,53,0,0,54,48,13,34,155,189,121,0.06878306878306878,96,60,102,173,344,171,247,1193,156,418,262,15,1,0.0,60000.0,60000.0
197,0,0,0,22,0,0,22,0,0,32,34,6,22,88,110,66,0.05454545454545454,44,75,102,164,207,154,141,887,119,295,176,11,1,-0.004149377593360996,72300.0,72000.0
198,0,0,0,14,0,0,21,0,0,18,39,7,14,78,92,64,0.07608695652173914,38,32,43,62,87,85,78,425,70,163,93,7,1,0.0,62000.0,62000.0
199,0,0,0,5,0,0,8,0,0,7,5,0,5,20,25,15,0.0,14,11,8,31,41,66,32,203,25,98,73,6,1,-0.009900990099009901,65650.0,65000.0
200,0,0,0,0,0,0,0,0,0,0,0,0,0,0,0,0,0.0,1,0,2,2,0,6,6,17,1,12,11,1,0,0.0,410000.0,410000.0
201,0,0,0,2,0,0,3,0,0,2,1,1,2,6,8,4,0.125,5,0,2,3,4,5,6,25,5,11,6,0,0,-0.0188953488372093,68800.0,67500.0
202,0,0,0,5,0,0,2,0,0,4,9,1,5,15,20,10,0.05,7,1,7,9,4,14,10,52,8,24,16,2,0,-0.05198776758409786,65400.0,62000.0
203,0,0,0,11,0,0,17,0,0,24,15,6,11,56,67,45,0.08955223880597014,12,11,17,28,51,27,22,168,23,49,26,3,1,-0.02727272727272727,77000.0,74900.0
204,0,0,0,3,0,0,2,0,0,1,5,2,3,8,11,5,0.18181818181818182,16,22,9,16,15,23,32,133,38,55,17,2,0,-0.06746031746031746,50400.0,47000.0
205,0,0,0,10,0,0,8,0,0,8,26,5,10,42,52,32,0.09615384615384616,47,137,80,51,130,111,68,624,184,179,-5,20,1,-0.024390243902439025,41000.0,40000.0
206,0,0,0,16,0,0,17,0,0,27,19,7,16,63,79,47,0.08860759493670886,71,90,137,93,181,182,106,860,161,288,127,28,1,-0.015544041450777202,38600.0,38000.0
207,0,0,0,25,0,0,33,0,0,28,39,5,25,100,125,75,0.04,127,123,181,216,356,231,331,1565,250,562,312,41,1,0.0,40000.0,40000.0
208,0,0,0,27,0,0,28,0,0,30,46,7,27,104,131,77,0.05343511450381679,65,112,173,108,196,141,194,989,177,335,158,30,1,-0.125,40000.0,35000.0
209,0,0,0,23,0,0,29,0,0,42,38,6,23,109,132,86,0.045454545454545456,17,33,43,73,89,92,78,425,50,170,120,14,1,0.0,45000.0,45000.0
210,0,0,0,16,0,0,21,0,0,12,26,5,16,59,75,43,0.06666666666666667,11,7,16,22,17,8,39,120,18,47,29,5,1,0.0,90000.0,90000.0
211,0,0,0,45,0,0,72,0,0,85,116,20,45,273,318,228,0.06289308176100629,4,0,6,0,64,22,27,123,4,49,45,1,0,0.0,2500000.0,3380000.0
212,0,0,0,83,0,0,86,0,0,113,92,15,83,291,374,208,0.040106951871657755,11,26,16,52,130,119,58,412,37,177,140,3,1,0.22399020807833536,817000.0,1191200.0
213,0,0,0,50,0,0,66,0,0,67,33,8,50,166,216,116,0.037037037037037035,5,0,36,32,237,54,33,397,5,87,82,0,0,-0.155,600000.0,507000.0
214,0,0,0,59,0,0,48,0,0,62,72,15,59,182,241,123,0.06224066390041494,12,31,25,95,365,193,94,815,43,287,244,11,1,0.27871825876662637,82700.0,105750.0
215,0,0,0,72,0,0,64,0,0,69,85,22,72,218,290,146,0.07586206896551724,121,178,181,279,524,307,385,1975,299,692,393,22,1,-0.04924242424242424,52800.0,50200.0
216,0,0,0,46,0,0,58,0,0,72,92,18,46,222,268,176,0.06716417910447761,220,204,173,332,422,343,275,1969,424,618,194,21,1,-0.05357142857142857,56000.0,53000.0
217,0,0,0,89,0,0,87,0,0,97,50,15,89,234,323,145,0.04643962848297214,55,43,52,99,235,92,88,664,98,180,82,7,1,-0.015151515151515152,66000.0,65000.0
218,0,0,0,14,0,0,9,0,0,6,9,1,14,24,38,10,0.02631578947368421,10,11,24,23,33,42,31,174,21,73,52,6,1,0.0375,72000.0,74700.0
219,0,0,0,7,0,0,10,0,0,6,10,3,7,26,33,19,0.09090909090909091,0,4,0,16,30,28,15,93,4,43,39,0,0,0.0,82800.0,82800.0
220,0,0,0,5,0,0,4,0,0,5,3,1,5,12,17,7,0.058823529411764705,4,6,3,2,11,14,5,45,10,19,9,2,0,-0.004149377593360996,72300.0,72000.0
221,0,0,0,12,0,0,4,0,0,8,12,2,12,24,36,12,0.05555555555555555,16,5,11,10,22,28,25,117,21,53,32,2,0,0.0,68900.0,68900.0
222,0,0,0,1,0,0,5,0,0,0,3,0,1,8,9,7,0.0,7,5,0,1,11,12,4,40,12,16,4,3,1,-0.1111111111111111,90000.0,80000.0
223,0,0,0,8,0,0,3,0,0,8,12,0,8,23,31,15,0.0,14,60,31,30,68,55,54,312,74,109,35,4,1,0.0,55000.0,55000.0
224,0,0,0,3,0,0,5,0,0,5,5,2,3,15,18,12,0.1111111111111111,12,16,21,36,28,36,17,166,28,53,25,9,1,0.0,1925000.0,2310000.0
225,0,0,0,12,0,0,14,0,0,31,36,6,12,81,93,69,0.06451612903225806,107,79,55,41,90,118,71,561,186,189,3,19,1,0.0,45000.0,45000.0
226,0,0,0,14,0,0,21,0,0,26,56,6,14,103,117,89,0.05128205128205128,70,97,173,137,194,181,153,1005,167,334,167,37,1,-0.01282051282051282,39000.0,38500.0
227,0,0,0,40,0,0,39,0,0,66,95,9,40,200,240,160,0.0375,74,100,159,203,361,160,282,1339,174,442,268,37,1,-0.039473684210526314,38000.0,36500.0
228,0,0,0,39,0,0,51,0,0,65,97,17,39,213,252,174,0.06746031746031746,82,152,102,118,245,149,183,1031,234,332,98,19,1,-0.023255813953488372,43000.0,42000.0
229,0,0,0,15,0,0,20,0,0,20,34,10,15,74,89,59,0.11235955056179775,14,12,21,30,39,98,80,294,26,178,152,8,1,0.0,45000.0,45000.0
230,0,0,0,28,0,0,48,0,0,48,64,5,28,160,188,132,0.026595744680851064,56,14,12,13,18,33,22,168,70,55,-15,3,1,0.07936507936507936,31500.0,34000.0
231,0,0,0,32,0,0,43,0,0,57,76,11,32,176,208,144,0.052884615384615384,0,0,0,0,2,11,0,13,0,11,11,0,0,0.0,4400000.0,5250200.0
232,0,0,0,16,0,0,16,0,0,18,176,11,16,210,226,194,0.048672566371681415,2,1,2,3,26,15,18,67,3,33,30,2,0,0.0,3000000.0,2155000.0
233,0,0,0,41,0,0,60,0,0,57,62,13,41,179,220,138,0.05909090909090909,37,27,30,57,342,166,129,788,64,295,231,5,1,-0.12289473684210526,380000.0,333300.0
234,0,0,0,59,0,0,105,0,0,182,103,18,59,390,449,331,0.0400890868596882,102,62,89,175,367,397,286,1478,164,683,519,12,1,-0.014814814814814815,54000.0,53200.0
235,0,0,0,89,0,0,112,0,0,129,136,33,89,377,466,288,0.07081545064377683,184,190,205,272,363,327,342,1883,374,669,295,16,1,-0.049429657794676805,52600.0,50000.0
236,0,0,0,46,0,0,24,0,0,43,69,9,46,136,182,90,0.04945054945054945,137,107,132,196,235,157,264,1228,244,421,177,11,1,-0.016666666666666666,60000.0,59000.0
237,0,0,0,24,0,0,13,0,0,19,28,3,24,60,84,36,0.03571428571428571,44,68,60,38,112,60,62,444,112,122,10,6,1,-0.017741935483870968,62000.0,60900.0
238,0,0,0,21,0,0,11,0,0,15,12,2,21,38,59,17,0.03389830508474576,7,16,14,20,78,41,13,189,23,54,31,3,1,0.07195121951219512,82000.0,87900.0
239,0,0,0,5,0,0,7,0,0,7,6,2,5,20,25,15,0.08,7,12,5,10,11,24,23,92,19,47,28,1,0,0.0,68000.0,68000.0
240,0,0,0,1,0,0,1,0,0,0,4,1,1,5,6,4,0.16666666666666666,13,4,1,4,14,15,10,61,17,25,8,3,1,0.0,72000.0,72000.0
241,0,0,0,6,0,0,0,0,0,4,7,3,6,11,17,5,0.17647058823529413,6,1,2,5,4,15,12,45,7,27,20,3,1,0.0,84000.0,84000.0
242,0,0,0,5,0,0,4,0,0,4,0,0,5,8,13,3,0.0,8,14,4,3,4,13,8,54,22,21,-1,0,0,0.0,66800.0,66800.0
243,0,0,0,38,0,0,45,0,0,36,37,11,38,118,156,80,0.07051282051282051,90,40,22,47,161,80,55,495,130,135,5,9,1,-0.015151515151515152,66000.0,65000.0
244,0,0,0,58,0,0,97,0,0,66,48,10,58,211,269,153,0.03717472118959108,19,23,20,41,21,25,60,209,42,85,43,6,1,-0.02077562326869806,72200.0,70700.0
245,0,0,0,36,0,0,63,0,0,42,63,9,36,168,204,132,0.04411764705882353,86,55,58,89,112,115,73,588,141,188,47,16,1,-0.018,50000.0,49100.0
246,0,0,0,21,0,0,24,0,0,30,63,8,21,117,138,96,0.057971014492753624,39,36,42,32,66,64,65,344,75,129,54,12,1,0.0,42000.0,42000.0
247,0,0,0,28,0,0,25,0,0,34,32,5,28,91,119,63,0.04201680672268908,49,32,74,31,87,96,117,486,81,213,132,15,1,-0.015544041450777202,38600.0,38000.0
248,0,0,0,7,0,0,17,0,0,15,21,2,7,53,60,46,0.03333333333333333,57,22,25,62,179,164,74,583,79,238,159,9,1,-0.05263157894736842,38000.0,36000.0
249,0,0,0,1,0,0,4,0,0,2,3,0,1,9,10,8,0.0,0,0,0,3,6,15,6,30,0,21,21,3,1,0.1,40000.0,44000.0
250,0,0,0,36,0,0,34,0,0,50,17,3,36,101,137,65,0.021897810218978103,0,0,2,0,7,6,19,34,0,25,25,0,0,0.0,16460000.0,16460000.0
251,0,0,0,34,0,0,24,0,0,25,51,8,34,100,134,66,0.05970149253731343,0,0,0,0,0,1,1,2,0,2,2,0,0,0.0,4193500.0,4193500.0
252,0,0,0,20,0,0,36,0,0,30,23,6,20,89,109,69,0.05504587155963303,0,0,3,2,22,11,4,42,0,15,15,3,1,2.717472118959108,269000.0,2275000.0
253,0,0,0,26,0,0,29,0,0,40,31,6,26,100,126,74,0.047619047619047616,30,39,50,86,262,164,157,788,69,321,252,10,1,0.10273972602739725,73000.0,80500.0
254,0,0,0,63,0,0,70,0,0,79,81,18,63,230,293,167,0.06143344709897611,23,53,80,88,217,161,93,715,76,254,178,8,1,-0.1148936170212766,235000.0,208000.0
255,0,0,0,63,0,0,69,0,0,78,99,11,63,246,309,183,0.03559870550161812,195,271,296,340,386,635,472,2595,466,1107,641,28,1,0.0,50000.0,50000.0
256,0,0,0,37,0,0,39,0,0,37,50,13,37,126,163,89,0.07975460122699386,58,163,89,173,160,270,245,1158,221,515,294,6,1,-0.04,50000.0,48000.0
257,0,0,0,20,0,0,33,0,0,40,33,10,20,106,126,86,0.07936507936507936,52,72,57,137,205,173,160,856,124,333,209,13,1,0.0017574692442882249,56900.0,57000.0
258,0,0,0,8,0,0,15,0,0,31,17,6,8,63,71,55,0.08450704225352113,9,25,15,53,52,95,99,348,34,194,160,5,1,0.011547344110854504,64950.0,65700.0
259,0,0,0,5,0,0,6,0,0,6,4,0,5,16,21,11,0.0,13,3,15,15,12,10,16,84,16,26,10,0,0,0.0,74800.0,74800.0
260,0,0,0,0,0,0,0,0,0,0,0,0,0,0,0,0,0.0,0,0,1,0,0,0,0,1,0,0,0,0,0,0.0,85350.0,85350.0
261,0,0,0,1,0,0,0,0,0,2,1,0,1,3,4,2,0.0,0,0,0,0,0,0,0,0,0,0,0,1,0,0.0,85000.0,85000.0
262,0,0,0,1,0,0,1,0,0,0,2,0,1,3,4,2,0.0,4,5,6,2,1,1,5,24,9,6,-3,3,1,0.0,68100.0,68100.0
263,0,0,0,2,0,0,1,0,0,1,0,0,2,2,4,0,0.0,1,2,0,2,0,2,0,7,3,2,-1,1,0,0.0,64800.0,64800.0
264,0,0,0,7,0,0,3,0,0,7,8,2,7,18,25,11,0.08,2,1,1,1,2,1,0,8,3,1,-2,0,0,0.0,10943000.0,10943000.0
265,0,0,0,14,0,0,7,0,0,9,5,1,14,21,35,7,0.02857142857142857,0,1,0,1,1,11,0,14,1,11,10,1,0,0.0,55000.0,55000.0
266,0,0,0,35,0,0,22,0,0,44,36,1,35,102,137,67,0.0072992700729927005,7,11,14,13,23,19,27,114,18,46,28,0,0,0.13793103448275862,290000.0,330000.0
267,0,0,0,21,0,0,23,0,0,28,40,8,21,91,112,70,0.07142857142857142,21,34,72,142,145,223,169,806,55,392,337,2,0,0.0,1671250.0,1825000.0
268,0,0,0,10,0,0,20,0,0,20,23,6,10,63,73,53,0.0821917808219178,6,3,0,4,38,20,22,93,9,42,33,3,1,0.0,60000.0,60000.0
269,0,0,0,0,0,0,0,0,0,0,0,0,0,0,0,0,0.0,0,1,0,0,0,0,0,1,1,0,-1,0,0,0.0,3049100.0,3049100.0
270,0,0,0,30,0,0,12,0,0,15,1,0,30,28,58,-2,0.0,0,0,0,7,0,1,0,8,0,1,1,0,0,0.0,2307200.0,245900000.0
271,0,0,0,72,0,0,78,0,0,122,43,12,72,243,315,171,0.0380952380952381,9,2,0,12,24,43,42,132,11,85,74,0,0,0.0,608000.0,608000.0
272,0,0,0,41,0,0,49,0,0,55,60,11,41,164,205,123,0.05365853658536585,4,16,13,14,58,78,53,236,20,131,111,2,0,0.41818181818181815,275000.0,390000.0
273,0,0,0,13,0,0,17,0,0,31,17,3,13,65,78,52,0.038461538461538464,40,81,111,177,119,148,195,871,121,343,222,22,1,0.0,53500.0,53500.0
274,0,0,0,47,0,0,30,0,0,37,50,10,47,117,164,70,0.06097560975609756,32,63,68,135,211,138,93,740,95,231,136,7,1,0.17073170731707318,164000.0,192000.0
275,0,0,0,16,0,0,24,0,0,20,36,6,16,80,96,64,0.0625,82,95,97,144,239,297,204,1158,177,501,324,9,1,0.020710059171597635,67600.0,69000.0
276,0,0,0,20,0,0,15,0,0,15,29,7,20,59,79,39,0.08860759493670886,18,55,21,50,73,159,152,528,73,311,238,3,1,-0.012307692307692308,65000.0,64200.0
277,0,0,0,12,0,0,15,0,0,19,20,2,12,54,66,42,0.030303030303030304,38,11,33,62,60,153,123,480,49,276,227,7,1,-0.10410557184750734,68200.0,61100.0
278,0,0,0,2,0,0,1,0,0,7,5,1,2,13,15,11,0.06666666666666667,13,8,8,15,26,45,12,127,21,57,36,3,1,0.014492753623188406,69000.0,70000.0
279,0,0,0,0,0,0,0,0,0,1,2,1,0,3,3,3,0.3333333333333333,0,0,0,0,0,0,0,0,0,0,0,0,0,,,
280,0,0,0,0,0,0,0,0,0,0,0,0,0,0,0,0,0.0,0,0,0,0,0,0,0,0,0,0,0,0,0,,,
281,0,0,0,1,0,0,0,0,0,0,0,0,1,0,1,-1,0.0,0,0,0,0,0,0,1,1,0,1,1,0,0,0.0,211000.0,211000.0
282,0,0,0,5,0,0,16,0,0,19,10,1,5,45,50,40,0.02,1,0,2,4,28,19,22,76,1,41,40,0,0,0.0,4488000.0,5006000.0
283,0,0,0,24,0,0,55,0,0,34,24,5,24,113,137,89,0.0364963503649635,6,4,15,3,25,6,23,82,10,29,19,0,0,0.14,250000.0,285000.0
284,0,0,0,10,0,0,16,0,0,15,9,2,10,40,50,30,0.04,0,0,2,1,0,3,3,9,0,6,6,0,0,0.0,10963000.0,11043000.0
285,0,0,0,4,0,0,0,0,0,1,0,0,4,1,5,-3,0.0,0,0,0,0,14,0,6,20,0,6,6,0,0,0.0,390000.0,390000.0
286,0,0,0,0,0,0,3,0,0,1,3,0,0,7,7,7,0.0,1,10,7,13,11,30,23,95,11,53,42,2,0,0.04516129032258064,775000.0,810000.0
287,0,0,0,12,0,0,13,0,0,14,19,2,12,46,58,34,0.034482758620689655,21,5,17,13,29,53,53,191,26,106,80,4,1,-0.023178807947019868,60400.0,59000.0
288,0,0,0,4,0,0,4,0,0,3,3,0,4,10,14,6,0.0,5,5,5,4,11,22,6,58,10,28,18,2,0,0.08108108108108109,74000.0,80000.0
289,0,0,0,15,0,0,8,0,0,13,0,0,15,21,36,6,0.0,0,1,3,5,6,8,4,27,1,12,11,0,0,0.034722222222222224,144000.0,149000.0
290,0,0,0,63,0,0,52,0,0,58,3,0,63,113,176,50,0.0,4,1,21,13,48,27,6,120,5,33,28,1,0,0.11428571428571428,350000.0,390000.0
291,0,0,0,60,0,0,52,0,0,39,5,0,60,96,156,36,0.0,20,20,8,11,53,31,11,154,40,42,2,1,0,0.025,320000.0,328000.0
292,0,0,0,71,0,0,82,0,0,69,27,7,71,178,249,107,0.028112449799196786,21,24,11,48,102,131,71,408,45,202,157,5,1,0.2037037037037037,108000.0,130000.0
293,0,0,0,10,0,0,32,0,0,25,33,8,10,90,100,80,0.08,52,2,14,40,70,67,117,362,54,184,130,7,1,-0.01818181818181818,55000.0,54000.0
294,0,0,0,16,0,0,19,0,0,24,28,4,16,71,87,55,0.04597701149425287,35,48,30,39,108,56,57,373,83,113,30,7,1,-0.04844290657439446,57800.0,55000.0
295,0,0,0,17,0,0,9,0,0,5,20,4,17,34,51,17,0.0784313725490196,8,3,21,7,10,6,17,72,11,23,12,1,0,0.0,230000.0,230000.0
296,0,0,0,9,0,0,5,0,0,2,5,2,9,12,21,3,0.09523809523809523,0,20,0,1,5,12,4,42,20,16,-4,0,0,0.0,195700.0,195700.0
297,0,0,0,9,0,0,3,0,0,6,1,0,9,10,19,1,0.0,10,5,6,10,14,3,6,54,15,9,-6,1,0,0.0,88200.0,88200.0
298,0,0,0,0,0,0,0,0,0,1,0,0,0,1,1,1,0.0,0,0,0,4,1,0,0,5,0,0,0,0,0,0.0,50000.0,50000.0
299,0,0,0,0,0,0,0,0,0,0,0,0,0,0,0,0,0.0,0,0,0,0,0,0,0,0,0,0,0,0,0,,,
300,0,0,0,0,0,0,0,0,0,0,0,0,0,0,0,0,0.0,0,0,0,0,0,0,0,0,0,0,0,0,0,,,
301,0,0,0,0,0,0,0,0,0,0,0,0,0,0,0,0,0.0,0,0,0,0,2,0,0,2,0,0,0,1,0,-0.6111963190184049,815000.0,316875.0
302,0,0,0,0,0,0,0,0,0,0,0,0,0,0,0,0,0.0,0,0,0,1,7,0,0,8,0,0,0,0,0,0.0,4630000.0,4900000.0
303,0,0,0,0,0,0,0,0,0,0,0,0,0,0,0,0,0.0,2,0,0,1,6,1,6,16,2,7,5,0,0,0.0,200000.0,200000.0
304,0,0,0,0,0,0,0,0,0,0,0,0,0,0,0,0,0.0,0,0,0,0,0,0,0,0,0,0,0,0,0,,,
305,0,0,0,2,0,0,0,0,0,2,0,0,2,2,4,0,0.0,0,1,2,2,1,9,1,16,1,10,9,0,0,0.12160413971539456,77300.0,86700.0
306,0,0,0,4,0,0,1,0,0,7,3,0,4,11,15,7,0.0,8,1,1,9,7,16,3,45,9,19,10,4,1,0.0,79700.0,79700.0
307,0,0,0,2,0,0,1,0,0,0,0,0,2,1,3,-1,0.0,0,3,6,1,3,6,3,22,3,9,6,0,0,0.0,87000.0,87000.0
308,0,0,0,3,0,0,0,0,0,2,0,0,3,2,5,-1,0.0,0,0,0,0,1,0,1,2,0,1,1,0,0,0.0,50550.0,50550.0
309,0,0,0,18,0,0,17,0,0,20,7,0,18,44,62,26,0.0,3,3,4,18,18,64,36,146,6,100,94,0,0,0.1541501976284585,126500.0,146000.0
310,0,0,0,59,0,0,83,0,0,66,16,3,59,165,224,106,0.013392857142857142,21,30,14,59,87,122,35,368,51,157,106,2,0,0.2,125000.0,150000.0
311,0,0,0,1,0,0,9,0,0,0,2,1,1,11,12,10,0.08333333333333333,5,1,0,6,26,7,13,58,6,20,14,0,0,-0.1118421052631579,152000.0,135000.0
312,0,0,0,25,0,0,33,0,0,38,46,7,25,117,142,92,0.04929577464788732,32,66,33,68,136,158,130,623,98,288,190,7,1,-0.04375,80000.0,76500.0
313,0,0,0,19,0,0,30,0,0,39,16,7,19,85,104,66,0.0673076923076923,20,53,24,65,47,42,52,303,73,94,21,11,1,0.15873015873015872,63000.0,73000.0
314,0,0,0,20,0,0,22,0,0,12,11,1,20,45,65,25,0.015384615384615385,77,56,72,109,113,139,104,670,133,243,110,13,1,-0.043348281016442454,66900.0,64000.0
315,0,0,0,13,0,0,11,0,0,13,24,4,13,48,61,35,0.06557377049180328,72,28,77,18,64,48,51,358,100,99,-1,5,1,0.0,68000.0,68000.0
316,0,0,0,16,0,0,14,0,0,11,6,3,16,31,47,15,0.06382978723404255,1,9,27,8,2,14,7,68,10,21,11,0,0,0.0,110150.0,110150.0
317,0,0,0,4,0,0,4,0,0,1,4,1,4,9,13,5,0.07692307692307693,14,26,10,27,22,108,61,268,40,169,129,3,1,0.0,3843000.0,4392000.0
318,0,0,0,0,0,0,0,0,0,0,0,0,0,0,0,0,0.0,0,0,0,0,0,0,0,0,0,0,0,0,0,,,
319,0,0,0,0,0,0,0,0,0,0,0,0,0,0,0,0,0.0,0,0,0,0,0,0,0,0,0,0,0,0,0,,,
320,0,0,0,0,0,0,0,0,0,0,0,0,0,0,0,0,0.0,0,0,0,0,0,0,0,0,0,0,0,0,0,,,
321,0,0,0,0,0,0,0,0,0,0,0,0,0,0,0,0,0.0,0,0,0,0,0,0,0,0,0,0,0,0,0,,,
322,0,0,0,0,0,0,0,0,0,0,0,0,0,0,0,0,0.0,0,0,0,0,0,0,0,0,0,0,0,0,0,,,
323,0,0,0,0,0,0,0,0,0,0,0,0,0,0,0,0,0.0,0,0,0,0,0,0,0,0,0,0,0,0,0,,,
324,0,0,0,0,0,0,0,0,0,0,0,0,0,0,0,0,0.0,0,0,0,0,0,0,0,0,0,0,0,0,0,,,
325,0,0,0,1,0,0,0,0,0,3,0,0,1,3,4,2,0.0,0,0,0,0,0,0,0,0,0,0,0,0,0,,,
326,0,0,0,4,0,0,10,0,0,5,0,0,4,15,19,11,0.0,0,0,0,0,0,0,0,0,0,0,0,0,0,,,
327,0,0,0,7,0,0,9,0,0,6,0,0,7,15,22,8,0.0,1,1,0,1,3,2,3,11,2,5,3,0,0,0.0,113500.0,113500.0
328,0,0,0,3,0,0,4,0,0,2,2,0,3,8,11,5,0.0,7,8,1,17,9,13,15,70,15,28,13,1,0,0.0,110000.0,110000.0
329,0,0,0,25,0,0,23,0,0,15,7,0,25,45,70,20,0.0,13,15,12,35,47,96,81,299,28,177,149,4,1,0.16650049850448653,100300.0,117000.0
330,0,0,0,36,0,0,61,0,0,35,10,2,36,106,142,70,0.014084507042253521,30,9,18,81,78,99,93,408,39,192,153,1,0,0.09257714762301918,119900.0,131000.0
331,0,0,0,21,0,0,31,0,0,34,12,2,21,77,98,56,0.02040816326530612,27,38,37,81,103,99,82,467,65,181,116,2,0,0.014884979702300407,73900.0,75000.0
332,0,0,0,32,0,0,36,0,0,51,36,6,32,123,155,91,0.03870967741935484,33,22,16,64,138,184,83,540,55,267,212,3,1,0.1577424023154848,69100.0,80000.0
333,0,0,0,8,0,0,15,0,0,24,30,7,8,69,77,61,0.09090909090909091,5,3,0,6,3,33,9,59,8,42,34,3,1,0.9622093023255814,68800.0,135000.0
334,0,0,0,33,0,0,34,0,0,37,41,2,33,112,145,79,0.013793103448275862,55,36,50,68,186,133,149,677,91,282,191,9,1,-0.043037974683544304,79000.0,75600.0
335,0,0,0,22,0,0,19,0,0,31,42,10,22,92,114,70,0.08771929824561403,60,65,53,63,105,75,81,502,125,156,31,9,1,0.0,69300.0,69300.0
336,0,0,0,20,0,0,10,0,0,21,20,7,20,51,71,31,0.09859154929577464,60,26,62,66,65,108,104,491,86,212,126,4,1,0.0,75000.0,75000.0
337,0,0,0,19,0,0,23,0,0,24,14,0,19,61,80,42,0.0,10,5,9,11,31,71,35,172,15,106,91,2,0,0.0,85000.0,85000.0
338,0,0,0,0,0,0,0,0,0,0,0,0,0,0,0,0,0.0,0,0,0,0,0,0,0,0,0,0,0,0,0,,,
339,0,0,0,0,0,0,0,0,0,0,0,0,0,0,0,0,0.0,0,0,0,0,0,0,0,0,0,0,0,0,0,,,
340,0,0,0,0,0,0,0,0,0,0,0,0,0,0,0,0,0.0,0,0,0,0,0,0,0,0,0,0,0,0,0,,,
341,0,0,0,0,0,0,0,0,0,0,0,0,0,0,0,0,0.0,0,0,0,0,0,0,0,0,0,0,0,0,0,,,
342,0,0,0,0,0,0,0,0,0,0,0,0,0,0,0,0,0.0,0,0,0,0,0,0,0,0,0,0,0,0,0,,,
343,0,0,0,0,0,0,0,0,0,0,0,0,0,0,0,0,0.0,0,0,0,0,0,0,0,0,0,0,0,0,0,,,
344,0,0,0,0,0,0,0,0,0,0,0,0,0,0,0,0,0.0,0,0,0,0,0,0,0,0,0,0,0,0,0,,,
345,0,0,0,0,0,0,0,0,0,0,0,0,0,0,0,0,0.0,0,0,0,0,0,0,0,0,0,0,0,0,0,,,
346,0,0,0,3,0,0,2,0,0,3,0,0,3,5,8,2,0.0,0,0,0,0,0,0,0,0,0,0,0,0,0,,,
347,0,0,0,4,0,0,4,0,0,4,4,0,4,12,16,8,0.0,0,0,0,6,4,2,0,12,0,2,2,1,0,0.0,108500.0,108500.0
348,0,0,0,2,0,0,3,0,0,1,1,0,2,5,7,3,0.0,0,1,0,0,1,0,1,3,1,1,0,0,0,0.0,95000.0,95000.0
349,0,0,0,9,0,0,3,0,0,5,6,3,9,14,23,5,0.13043478260869565,19,4,4,39,34,44,52,196,23,96,73,3,1,0.0,91000.0,91000.0
350,0,0,0,13,0,0,9,0,0,14,10,3,13,33,46,20,0.06521739130434782,23,11,21,45,55,68,43,266,34,111,77,4,1,0.0,85200.0,85200.0
351,0,0,0,6,0,0,10,0,0,12,11,0,6,33,39,27,0.0,18,17,24,61,52,61,53,286,35,114,79,7,1,-0.013157894736842105,76000.0,75000.0
352,0,0,0,45,0,0,35,0,0,33,37,8,45,105,150,60,0.05333333333333334,77,137,87,170,299,255,175,1200,214,430,216,11,1,0.03795966785290629,84300.0,87500.0
353,0,0,0,9,0,0,32,0,0,32,16,4,9,80,89,71,0.0449438202247191,3,7,3,3,25,2,9,52,10,11,1,2,0,1.309090909090909,143000.0,330200.0
354,0,0,0,6,0,0,14,0,0,11,4,1,6,29,35,23,0.02857142857142857,12,3,18,12,57,74,34,210,15,108,93,7,1,-0.019230769230769232,52000.0,51000.0
355,0,0,0,5,0,0,2,0,0,13,9,3,5,24,29,19,0.10344827586206896,4,2,0,3,4,5,5,23,6,10,4,1,0,0.12179487179487179,93600.0,105000.0
356,0,0,0,27,0,0,17,0,0,31,20,4,27,68,95,41,0.042105263157894736,21,4,21,24,26,61,33,190,25,94,69,4,1,0.0033333333333333335,90000.0,90300.0
357,0,0,0,31,0,0,36,0,0,55,75,12,31,166,197,135,0.06091370558375635,13,7,8,9,38,51,43,169,20,94,74,4,1,0.0,75000.0,75000.0
358,0,0,0,2,0,0,3,0,0,3,8,2,2,14,16,12,0.125,0,0,0,0,0,0,0,0,0,0,0,0,0,0.0,50000.0,50000.0
359,0,0,0,0,0,0,0,0,0,0,0,0,0,0,0,0,0.0,0,0,0,0,0,0,0,0,0,0,0,0,0,,,
360,0,0,0,0,0,0,0,0,0,0,0,0,0,0,0,0,0.0,0,0,0,0,0,0,0,0,0,0,0,0,0,,,
361,0,0,0,0,0,0,0,0,0,0,0,0,0,0,0,0,0.0,0,0,0,0,0,0,0,0,0,0,0,0,0,,,
362,0,0,0,0,0,0,0,0,0,0,0,0,0,0,0,0,0.0,0,0,0,0,0,0,0,0,0,0,0,0,0,,,
363,0,0,0,0,0,0,0,0,0,0,0,0,0,0,0,0,0.0,0,0,0,0,0,0,0,0,0,0,0,0,0,,,
364,0,0,0,0,0,0,0,0,0,0,0,0,0,0,0,0,0.0,0,0,0,0,0,0,0,0,0,0,0,0,0,,,
365,0,0,0,0,0,0,0,0,0,0,0,0,0,0,0,0,0.0,0,0,0,0,0,0,0,0,0,0,0,0,0,,,
366,0,0,0,0,0,0,0,0,0,0,0,0,0,0,0,0,0.0,0,0,0,0,0,0,0,0,0,0,0,0,0,,,
367,0,0,0,3,0,0,4,0,0,2,2,1,3,8,11,5,0.09090909090909091,0,0,0,2,0,4,4,10,0,8,8,1,0,0.0,97100.0,97100.0
368,0,0,0,2,0,0,1,0,0,2,2,1,2,5,7,3,0.14285714285714285,1,0,0,0,1,9,0,11,1,9,8,1,0,0.0,92000.0,92000.0
369,0,0,0,6,0,0,1,0,0,2,0,0,6,3,9,-3,0.0,1,0,3,2,2,1,5,14,1,6,5,0,0,0.0,101850.0,101850.0
370,0,0,0,11,0,0,2,0,0,1,1,0,11,4,15,-7,0.0,4,4,3,4,5,9,9,38,8,18,10,2,0,0.0,100200.0,100200.0
371,0,0,0,6,0,0,5,0,0,12,5,1,6,22,28,16,0.03571428571428571,7,0,3,9,7,12,25,63,7,37,30,3,1,0.10083160083160084,96200.0,105900.0
372,0,0,0,10,0,0,21,0,0,26,27,2,10,74,84,64,0.023809523809523808,118,32,63,123,120,180,98,734,150,278,128,20,1,-0.03270223752151463,58100.0,56200.0
373,0,0,0,16,0,0,15,0,0,21,31,12,16,67,83,51,0.14457831325301204,7,1,5,18,12,12,1,56,8,13,5,2,0,0.0,56600.0,56600.0
374,0,0,0,4,0,0,6,0,0,4,9,3,4,19,23,15,0.13043478260869565,10,8,5,9,11,20,15,78,18,35,17,1,0,0.0,69900.0,69900.0
375,0,0,0,12,0,0,5,0,0,10,8,2,12,23,35,11,0.05714285714285714,14,34,4,28,44,68,38,230,48,106,58,0,0,-0.05075807514831905,75850.0,72000.0
376,0,0,0,24,0,0,32,0,0,32,25,4,24,89,113,65,0.035398230088495575,21,33,40,42,82,108,45,371,54,153,99,2,0,0.0,94900.0,94900.0
377,0,0,0,22,0,0,18,0,0,22,29,6,22,69,91,47,0.06593406593406594,30,18,30,42,68,66,56,310,48,122,74,5,1,-0.02047244094488189,63500.0,62200.0
378,0,0,0,0,0,0,1,0,0,0,0,0,0,1,1,1,0.0,0,2,0,5,9,22,17,55,2,39,37,0,0,0.0,96000.0,96000.0
379,0,0,0,0,0,0,0,0,0,0,0,0,0,0,0,0,0.0,0,0,0,0,0,0,0,0,0,0,0,0,0,,,
380,0,0,0,0,0,0,0,0,0,0,0,0,0,0,0,0,0.0,0,0,0,0,0,0,0,0,0,0,0,0,0,,,
381,0,0,0,0,0,0,0,0,0,0,0,0,0,0,0,0,0.0,0,0,0,0,0,0,0,0,0,0,0,0,0,,,
382,0,0,0,0,0,0,0,0,0,0,0,0,0,0,0,0,0.0,0,0,0,0,0,0,0,0,0,0,0,0,0,,,
383,0,0,0,0,0,0,0,0,0,0,0,0,0,0,0,0,0.0,0,0,0,0,0,0,0,0,0,0,0,0,0,,,
384,0,0,0,0,0,0,0,0,0,0,0,0,0,0,0,0,0.0,0,0,0,0,0,0,0,0,0,0,0,0,0,,,
385,0,0,0,0,0,0,0,0,0,0,0,0,0,0,0,0,0.0,0,0,0,0,0,0,0,0,0,0,0,0,0,,,
386,0,0,0,0,0,0,0,0,0,0,0,0,0,0,0,0,0.0,0,0,0,0,0,0,0,0,0,0,0,0,0,,,
387,0,0,0,0,0,0,0,0,0,0,0,0,0,0,0,0,0.0,0,0,0,0,0,0,0,0,0,0,0,0,0,,,
388,0,0,0,0,0,0,0,0,0,0,0,0,0,0,0,0,0.0,0,0,0,0,0,0,0,0,0,0,0,0,0,,,
389,0,0,0,2,0,0,2,0,0,0,0,0,2,2,4,0,0.0,4,1,0,0,0,1,0,6,5,1,-4,0,0,0.0,116900.0,116900.0
390,0,0,0,7,0,0,3,0,0,6,2,0,7,11,18,4,0.0,0,0,1,1,1,7,1,11,0,8,8,1,0,0.0,124000.0,124000.0
391,0,0,0,12,0,0,7,0,0,7,13,5,12,27,39,15,0.1282051282051282,9,19,8,13,69,32,9,159,28,41,13,1,0,0.06666666666666667,375000.0,400000.0
392,0,0,0,24,0,0,19,0,0,23,41,9,24,83,107,59,0.08411214953271028,36,16,16,23,29,77,47,244,52,124,72,10,1,-0.015625,64000.0,63000.0
393,0,0,0,52,0,0,41,0,0,84,15,3,52,140,192,88,0.015625,10,5,8,17,66,18,22,146,15,40,25,1,0,0.0,830600.0,830600.0
394,0,0,0,7,0,0,18,0,0,8,7,2,7,33,40,26,0.05,4,4,0,3,6,18,20,55,8,38,30,4,1,0.0,69000.0,69000.0
395,0,0,0,11,0,0,12,0,0,8,18,3,11,38,49,27,0.061224489795918366,39,44,21,16,45,85,47,297,83,132,49,3,1,0.0,75000.0,75000.0
396,0,0,0,34,0,0,47,0,0,33,35,8,34,115,149,81,0.053691275167785234,52,47,56,51,156,160,158,680,99,318,219,5,1,-0.013657957244655582,84200.0,83050.0
397,0,0,0,17,0,0,20,0,0,23,28,8,17,71,88,54,0.09090909090909091,44,54,54,54,84,131,130,551,98,261,163,7,1,-0.024024024024024024,66600.0,65000.0
398,0,0,0,0,0,0,0,0,0,0,0,0,0,0,0,0,0.0,5,2,3,2,19,10,10,51,7,20,13,2,0,0.0,125000.0,125000.0
399,0,0,0,0,0,0,0,0,0,0,0,0,0,0,0,0,0.0,0,0,0,0,0,0,0,0,0,0,0,0,0,,,
400,0,0,0,0,0,0,0,0,0,0,0,0,0,0,0,0,0.0,0,0,0,0,0,0,0,0,0,0,0,0,0,,,
401,0,0,0,0,0,0,0,0,0,0,0,0,0,0,0,0,0.0,0,0,0,0,0,0,0,0,0,0,0,0,0,,,
402,0,0,0,0,0,0,0,0,0,0,0,0,0,0,0,0,0.0,0,0,0,0,0,0,0,0,0,0,0,0,0,,,
403,0,0,0,0,0,0,0,0,0,0,0,0,0,0,0,0,0.0,0,0,0,0,0,0,0,0,0,0,0,0,0,,,
404,0,0,0,0,0,0,0,0,0,0,0,0,0,0,0,0,0.0,0,0,0,0,0,0,0,0,0,0,0,0,0,,,
405,0,0,0,0,0,0,0,0,0,0,0,0,0,0,0,0,0.0,0,0,0,0,0,0,0,0,0,0,0,0,0,,,
406,0,0,0,0,0,0,0,0,0,0,0,0,0,0,0,0,0.0,0,0,0,0,0,0,0,0,0,0,0,0,0,,,
407,0,0,0,0,0,0,0,0,0,0,0,0,0,0,0,0,0.0,0,0,0,0,0,0,0,0,0,0,0,0,0,,,
408,0,0,0,0,0,0,0,0,0,0,0,0,0,0,0,0,0.0,0,0,0,0,0,0,0,0,0,0,0,0,0,,,
409,0,0,0,1,0,0,0,0,0,0,0,0,1,0,1,-1,0.0,0,0,2,0,0,0,0,2,0,0,0,0,0,0.0,140000.0,140000.0
410,0,0,0,5,0,0,1,0,0,3,0,0,5,4,9,-1,0.0,0,0,1,1,0,0,0,2,0,0,0,0,0,-0.07246376811594203,138000.0,128000.0
411,0,0,0,3,0,0,2,0,0,3,0,0,3,5,8,2,0.0,0,0,0,5,3,2,6,16,0,8,8,0,0,0.0,216000.0,216000.0
412,0,0,0,9,0,0,10,0,0,11,27,7,9,48,57,39,0.12280701754385964,17,22,12,2,16,34,15,118,39,49,10,6,1,0.0,62000.0,62000.0
413,0,0,0,0,0,0,12,0,0,20,24,16,0,56,56,56,0.2857142857142857,11,4,10,19,9,31,8,92,15,39,24,3,1,-0.006211180124223602,64400.0,64000.0
414,0,0,0,4,0,0,5,0,0,5,4,0,4,14,18,10,0.0,1,0,1,1,4,8,7,22,1,15,14,0,0,0.0,280000.0,280000.0
415,0,0,0,7,0,0,6,0,0,10,12,2,7,28,35,21,0.05714285714285714,20,2,17,23,42,25,20,149,22,45,23,3,1,-0.08571428571428572,70000.0,64000.0
416,0,0,0,13,0,0,12,0,0,11,10,6,13,33,46,20,0.13043478260869565,17,14,1,13,17,13,15,90,31,28,-3,2,0,0.0,89000.0,89000.0
417,0,0,0,2,0,0,0,0,0,5,6,2,2,11,13,9,0.15384615384615385,29,2,10,12,49,28,27,157,31,55,24,0,0,0.0,102100.0,102100.0
418,0,0,0,0,0,0,0,0,0,0,0,0,0,0,0,0,0.0,0,0,0,0,0,0,0,0,0,0,0,0,0,,,
419,0,0,0,0,0,0,0,0,0,0,0,0,0,0,0,0,0.0,0,0,0,0,0,0,0,0,0,0,0,0,0,,,
420,0,0,0,0,0,0,0,0,0,0,0,0,0,0,0,0,0.0,0,0,0,0,0,0,0,0,0,0,0,0,0,,,
421,0,0,0,0,0,0,0,0,0,0,0,0,0,0,0,0,0.0,0,0,0,0,0,0,0,0,0,0,0,0,0,,,
422,0,0,0,0,0,0,0,0,0,0,0,0,0,0,0,0,0.0,0,0,0,0,0,0,0,0,0,0,0,0,0,,,
423,0,0,0,0,0,0,0,0,0,0,0,0,0,0,0,0,0.0,0,0,0,0,0,0,0,0,0,0,0,0,0,,,
424,0,0,0,0,0,0,0,0,0,0,0,0,0,0,0,0,0.0,0,0,0,0,0,0,0,0,0,0,0,0,0,,,
425,0,0,0,0,0,0,0,0,0,0,0,0,0,0,0,0,0.0,0,0,0,0,0,0,0,0,0,0,0,0,0,,,
426,0,0,0,0,0,0,0,0,0,0,0,0,0,0,0,0,0.0,0,0,0,0,0,0,0,0,0,0,0,0,0,,,
427,0,0,0,0,0,0,0,0,0,0,0,0,0,0,0,0,0.0,0,0,0,0,0,0,0,0,0,0,0,0,0,,,
428,0,0,0,0,0,0,0,0,0,0,0,0,0,0,0,0,0.0,0,0,0,0,0,0,0,0,0,0,0,0,0,,,
429,0,0,0,0,0,0,0,0,0,0,1,0,0,1,1,1,0.0,0,0,0,0,0,0,0,0,0,0,0,0,0,,,
430,0,0,0,1,0,0,2,0,0,1,1,0,1,4,5,3,0.0,0,7,5,3,6,1,10,32,7,11,4,0,0,0.0,127000.0,127000.0
431,0,0,0,6,0,0,3,0,0,3,22,2,6,28,34,22,0.058823529411764705,1,0,0,4,0,8,0,13,1,8,7,1,0,0.0,87000.0,87000.0
432,0,0,0,4,0,0,7,0,0,2,9,1,4,18,22,14,0.045454545454545456,14,1,2,3,13,6,5,44,15,11,-4,1,0,0.0,64300.0,64300.0
433,0,0,0,20,0,0,22,0,0,25,33,10,20,80,100,60,0.1,7,36,18,22,33,28,13,157,43,41,-2,2,0,0.74025,400000.0,696100.0
434,0,0,0,0,0,0,0,0,0,0,0,0,0,0,0,0,0.0,3,0,0,0,3,2,2,10,3,4,1,0,0,4.277777777777778,90000.0,475000.0
435,0,0,0,9,0,0,11,0,0,7,10,1,9,28,37,19,0.02702702702702703,23,12,26,21,31,23,61,197,35,84,49,3,1,0.010638297872340425,75200.0,76000.0
436,0,0,0,8,0,0,3,0,0,2,6,3,8,11,19,3,0.15789473684210525,15,5,5,13,24,11,20,93,20,31,11,1,0,0.0,200000.0,200000.0
437,0,0,0,0,0,0,0,0,0,0,0,0,0,0,0,0,0.0,0,0,0,0,0,0,0,0,0,0,0,0,0,,,
438,0,0,0,0,0,0,0,0,0,0,0,0,0,0,0,0,0.0,0,0,0,0,0,0,0,0,0,0,0,0,0,,,
439,0,0,0,0,0,0,0,0,0,0,0,0,0,0,0,0,0.0,0,0,0,0,0,0,0,0,0,0,0,0,0,,,
440,0,0,0,0,0,0,0,0,0,0,0,0,0,0,0,0,0.0,0,0,0,0,0,0,0,0,0,0,0,0,0,,,
441,0,0,0,0,0,0,0,0,0,0,0,0,0,0,0,0,0.0,0,0,0,0,0,0,0,0,0,0,0,0,0,,,
442,0,0,0,0,0,0,0,0,0,0,0,0,0,0,0,0,0.0,0,0,0,0,0,0,0,0,0,0,0,0,0,,,
443,0,0,0,0,0,0,0,0,0,0,0,0,0,0,0,0,0.0,0,0,0,0,0,0,0,0,0,0,0,0,0,,,
444,0,0,0,0,0,0,0,0,0,0,0,0,0,0,0,0,0.0,0,0,0,0,0,0,0,0,0,0,0,0,0,,,
445,0,0,0,0,0,0,0,0,0,0,0,0,0,0,0,0,0.0,0,0,0,0,0,0,0,0,0,0,0,0,0,,,
446,0,0,0,0,0,0,0,0,0,0,0,0,0,0,0,0,0.0,0,0,0,0,0,0,0,0,0,0,0,0,0,,,
447,0,0,0,0,0,0,0,0,0,0,0,0,0,0,0,0,0.0,0,0,0,0,0,0,0,0,0,0,0,0,0,,,
448,0,0,0,0,0,0,0,0,0,0,0,0,0,0,0,0,0.0,0,0,0,0,0,0,0,0,0,0,0,0,0,,,
449,0,0,0,0,0,0,0,0,0,0,0,0,0,0,0,0,0.0,0,0,0,0,0,0,0,0,0,0,0,0,0,,,
450,0,0,0,2,0,0,0,0,0,2,0,0,2,2,4,0,0.0,3,1,3,1,0,2,0,10,4,2,-2,0,0,0.0,101650.0,101650.0
451,0,0,0,18,0,0,9,0,0,9,10,1,18,28,46,10,0.021739130434782608,1,5,1,0,5,11,8,31,6,19,13,1,0,0.0,91000.0,91000.0
452,0,0,0,0,0,0,2,0,0,4,2,0,0,8,8,8,0.0,0,0,5,0,0,10,1,16,0,11,11,1,0,0.031927710843373494,83000.0,85650.0
453,0,0,0,5,0,0,6,0,0,6,3,1,5,15,20,10,0.05,6,7,33,19,36,63,27,191,13,90,77,1,0,0.0,216000.0,216000.0
454,0,0,0,6,0,0,0,0,0,1,3,2,6,4,10,-2,0.2,3,1,0,9,6,8,7,34,4,15,11,0,0,0.4642857142857143,560000.0,820000.0
455,0,0,0,12,0,0,10,0,0,12,7,3,12,29,41,17,0.07317073170731707,9,7,7,23,68,24,58,196,16,82,66,5,1,0.0,72000.0,72000.0
456,0,0,0,4,0,0,0,0,0,1,3,1,4,4,8,0,0.125,1,2,3,7,9,4,22,48,3,26,23,2,0,0.0,60000.0,60000.0
457,0,0,0,0,0,0,0,0,0,0,0,0,0,0,0,0,0.0,0,0,0,0,0,0,0,0,0,0,0,0,0,,,
458,0,0,0,0,0,0,0,0,0,0,0,0,0,0,0,0,0.0,0,0,0,0,0,0,0,0,0,0,0,0,0,,,
459,0,0,0,0,0,0,0,0,0,0,0,0,0,0,0,0,0.0,0,0,0,0,0,0,0,0,0,0,0,0,0,,,
460,0,0,0,0,0,0,0,0,0,0,0,0,0,0,0,0,0.0,0,0,0,0,0,0,0,0,0,0,0,0,0,,,
461,0,0,0,0,0,0,0,0,0,0,0,0,0,0,0,0,0.0,0,0,0,0,0,0,0,0,0,0,0,0,0,,,
462,0,0,0,0,0,0,0,0,0,0,0,0,0,0,0,0,0.0,0,0,0,0,0,0,0,0,0,0,0,0,0,,,
463,0,0,0,0,0,0,0,0,0,0,0,0,0,0,0,0,0.0,0,0,0,0,0,0,0,0,0,0,0,0,0,,,
464,0,0,0,0,0,0,0,0,0,0,0,0,0,0,0,0,0.0,0,0,0,0,0,0,0,0,0,0,0,0,0,,,
465,0,0,0,0,0,0,0,0,0,0,0,0,0,0,0,0,0.0,0,0,0,0,0,0,0,0,0,0,0,0,0,,,
466,0,0,0,0,0,0,0,0,0,0,0,0,0,0,0,0,0.0,0,0,0,0,0,0,0,0,0,0,0,0,0,,,
467,0,0,0,0,0,0,0,0,0,0,0,0,0,0,0,0,0.0,0,0,0,0,0,0,0,0,0,0,0,0,0,,,
468,0,0,0,0,0,0,0,0,0,0,0,0,0,0,0,0,0.0,0,0,0,0,0,0,0,0,0,0,0,0,0,,,
469,0,0,0,0,0,0,0,0,0,0,0,0,0,0,0,0,0.0,0,0,0,0,0,0,0,0,0,0,0,0,0,,,
470,0,0,0,0,0,0,0,0,0,0,0,0,0,0,0,0,0.0,0,0,0,0,0,0,0,0,0,0,0,0,0,0.0,95000.0,95000.0
471,0,0,0,12,0,0,4,0,0,3,23,3,12,30,42,18,0.07142857142857142,0,0,4,7,7,4,15,37,0,19,19,1,0,0.0,88000.0,88000.0
472,0,0,0,0,0,0,0,0,0,0,0,0,0,0,0,0,0.0,0,2,0,1,2,0,1,6,2,1,-1,0,0,-0.09738717339667459,84200.0,76000.0
473,0,0,0,0,0,0,0,0,0,0,0,0,0,0,0,0,0.0,0,0,0,0,0,0,0,0,0,0,0,0,0,0.0,456800.0,456800.0
474,0,0,0,7,0,0,3,0,0,5,3,2,7,11,18,4,0.1111111111111111,1,0,5,2,14,0,3,25,1,3,2,1,0,0.0,1385900.0,1385900.0
475,0,0,0,0,0,0,0,0,0,0,0,0,0,0,0,0,0.0,0,0,1,0,1,1,1,4,0,2,2,0,0,0.0,58100.0,58100.0
476,0,0,0,0,0,0,0,0,0,0,0,0,0,0,0,0,0.0,0,0,0,0,0,0,0,0,0,0,0,0,0,,,
477,0,0,0,0,0,0,0,0,0,0,0,0,0,0,0,0,0.0,0,0,0,0,0,0,0,0,0,0,0,0,0,,,
478,0,0,0,0,0,0,0,0,0,0,0,0,0,0,0,0,0.0,0,0,0,0,0,0,0,0,0,0,0,0,0,,,
479,0,0,0,0,0,0,0,0,0,0,0,0,0,0,0,0,0.0,0,0,0,0,0,0,0,0,0,0,0,0,0,,,
480,0,0,0,0,0,0,0,0,0,0,0,0,0,0,0,0,0.0,0,0,0,0,0,0,0,0,0,0,0,0,0,,,
481,0,0,0,0,0,0,0,0,0,0,0,0,0,0,0,0,0.0,0,0,0,0,0,0,0,0,0,0,0,0,0,,,
482,0,0,0,0,0,0,0,0,0,0,0,0,0,0,0,0,0.0,0,0,0,0,0,0,0,0,0,0,0,0,0,,,
483,0,0,0,0,0,0,0,0,0,0,0,0,0,0,0,0,0.0,0,0,0,0,0,0,0,0,0,0,0,0,0,,,
484,0,0,0,0,0,0,0,0,0,0,0,0,0,0,0,0,0.0,0,0,0,0,0,0,0,0,0,0,0,0,0,,,
485,0,0,0,0,0,0,0,0,0,0,0,0,0,0,0,0,0.0,0,0,0,0,0,0,0,0,0,0,0,0,0,,,
486,0,0,0,0,0,0,0,0,0,0,0,0,0,0,0,0,0.0,0,0,0,0,0,0,0,0,0,0,0,0,0,,,
487,0,0,0,0,0,0,0,0,0,0,0,0,0,0,0,0,0.0,0,0,0,0,0,0,0,0,0,0,0,0,0,,,
488,0,0,0,0,0,0,0,0,0,0,0,0,0,0,0,0,0.0,0,0,0,0,0,0,0,0,0,0,0,0,0,,,
489,0,0,0,0,0,0,0,0,0,0,0,0,0,0,0,0,0.0,0,0,0,0,0,0,0,0,0,0,0,0,0,,,
490,0,0,0,2,0,0,0,0,0,0,1,0,2,1,3,-1,0.0,0,0,1,0,0,0,0,1,0,0,0,0,0,0.0,164000.0,164000.0
491,0,0,0,1,0,0,2,0,0,0,0,0,1,2,3,1,0.0,2,0,0,0,0,0,4,6,2,4,2,1,0,0.0,175000.0,175000.0
492,0,0,0,0,0,0,0,0,0,0,0,0,0,0,0,0,0.0,0,0,0,0,0,0,0,0,0,0,0,0,0,,,
493,0,0,0,0,0,0,1,0,0,0,0,0,0,1,1,1,0.0,0,0,0,0,0,0,4,4,0,4,4,0,0,0.0,129600.0,129600.0
494,0,0,0,0,0,0,0,0,0,0,0,0,0,0,0,0,0.0,0,0,0,0,0,0,0,0,0,0,0,0,0,,,
495,0,0,0,0,0,0,0,0,0,0,0,0,0,0,0,0,0.0,0,0,0,0,0,0,0,0,0,0,0,0,0,,,
496,0,0,0,0,0,0,0,0,0,0,0,0,0,0,0,0,0.0,0,0,0,0,0,0,0,0,0,0,0,0,0,,,
497,0,0,0,0,0,0,0,0,0,0,0,0,0,0,0,0,0.0,0,0,0,0,0,0,0,0,0,0,0,0,0,,,
498,0,0,0,0,0,0,0,0,0,0,0,0,0,0,0,0,0.0,0,0,0,0,0,0,0,0,0,0,0,0,0,,,
499,0,0,0,0,0,0,0,0,0,0,0,0,0,0,0,0,0.0,0,0,0,0,0,0,0,0,0,0,0,0,0,,,
500,0,0,0,0,0,0,0,0,0,0,0,0,0,0,0,0,0.0,0,0,0,0,0,0,0,0,0,0,0,0,0,,,
501,0,0,0,0,0,0,0,0,0,0,0,0,0,0,0,0,0.0,0,0,0,0,0,0,0,0,0,0,0,0,0,,,
502,0,0,0,0,0,0,0,0,0,0,0,0,0,0,0,0,0.0,0,0,0,0,0,0,0,0,0,0,0,0,0,,,
503,0,0,0,0,0,0,0,0,0,0,0,0,0,0,0,0,0.0,0,0,0,0,0,0,0,0,0,0,0,0,0,,,
504,0,0,0,0,0,0,0,0,0,0,0,0,0,0,0,0,0.0,0,0,0,0,0,0,0,0,0,0,0,0,0,,,
505,0,0,0,0,0,0,0,0,0,0,0,0,0,0,0,0,0.0,0,0,0,0,0,0,0,0,0,0,0,0,0,,,
506,0,0,0,0,0,0,0,0,0,0,0,0,0,0,0,0,0.0,0,0,0,0,0,0,0,0,0,0,0,0,0,,,
507,0,0,0,0,0,0,0,0,0,0,0,0,0,0,0,0,0.0,0,0,0,0,0,0,0,0,0,0,0,0,0,,,
508,0,0,0,0,0,0,0,0,0,0,0,0,0,0,0,0,0.0,0,0,0,0,0,0,0,0,0,0,0,0,0,,,
509,0,0,0,0,0,0,0,0,0,0,0,0,0,0,0,0,0.0,0,0,0,0,0,0,0,0,0,0,0,0,0,,,
510,0,0,0,2,0,0,0,0,0,2,2,0,2,4,6,2,0.0,0,0,0,2,3,6,3,14,0,9,9,0,0,0.0,15200000.0,15200000.0
511,0,0,0,0,0,0,0,0,0,0,0,0,0,0,0,0,0.0,0,0,0,0,0,0,0,0,0,0,0,0,0,,,
512,0,0,0,0,0,0,0,0,0,0,0,0,0,0,0,0,0.0,0,0,0,0,0,0,0,0,0,0,0,0,0,,,
513,0,0,0,0,0,0,0,0,0,0,0,0,0,0,0,0,0.0,0,0,0,0,0,0,0,0,0,0,0,0,0,,,
514,0,0,0,0,0,0,0,0,0,0,0,0,0,0,0,0,0.0,0,0,0,0,0,0,0,0,0,0,0,0,0,,,
515,0,0,0,0,0,0,0,0,0,0,0,0,0,0,0,0,0.0,0,0,0,0,0,0,0,0,0,0,0,0,0,,,
516,0,0,0,0,0,0,0,0,0,0,0,0,0,0,0,0,0.0,0,0,0,0,0,0,0,0,0,0,0,0,0,,,
517,0,0,0,0,0,0,0,0,0,0,0,0,0,0,0,0,0.0,0,0,0,0,0,0,0,0,0,0,0,0,0,,,
518,0,0,0,0,0,0,0,0,0,0,0,0,0,0,0,0,0.0,0,0,0,0,0,0,0,0,0,0,0,0,0,,,
519,0,0,0,0,0,0,0,0,0,0,0,0,0,0,0,0,0.0,0,0,0,0,0,0,0,0,0,0,0,0,0,,,
