cell_id,crime18_p1,crime24_p1,crime24_p2,violations,vacant,med_value_2010,med_value_2018,crime_pressure,instability_raw,instability_n,safety_n,med_value_2010_capped,med_value_2018_capped,value_growth_10_18,growth_n,property_risk_n,risk_score
7,1,1,2,11,1,127000.0,127000.0,2.0,3.2,0.0043799616753353405,0.0031847133757961785,127000.0,127000.0,0.0,0.12501525001307143,0.8749847499869285,0.1780228200178383
8,0,0,0,10,0,110100.0,110100.0,0.0,2.0,0.002737476047084588,0.0,110100.0,110100.0,0.0,0.12501525001307143,0.8749847499869285,0.17609194041621956
13,0,0,0,1,0,66600.0,66600.0,0.0,0.2,0.0002737476047084588,0.0,66600.0,66600.0,0.0,0.12501525001307143,0.8749847499869285,0.17510644903926909
14,0,1,10,258,5,61000.0,61000.0,6.0,56.6,0.07747057213249384,0.009554140127388535,61000.0,61000.0,0.0,0.12501525001307143,0.8749847499869285,0.20980683490133867
27,0,1,0,8,1,125000.0,125000.0,1.0,2.6,0.0035587188612099642,0.0015923566878980893,125000.0,125000.0,0.0,0.12501525001307143,0.8749847499869285,0.17705738021702894
28,3,1,0,46,1,88500.0,93500.0,1.0,10.200000000000001,0.0139611278401314,0.0015923566878980893,88500.0,93500.0,0.05649717514124294,0.13657128897393775,0.8634287110260622,0.17890713601642425
29,28,61,8,29,0,660000.0,900000.0,65.0,5.800000000000001,0.007938680536545306,0.1035031847133758,660000.0,900000.0,0.36363636363636365,0.19939411896119286,0.8006058810388071,0.2046979223077299
32,2,2,1,80,0,66000.0,67500.0,2.5,16.0,0.021899808376676703,0.003980891719745223,66000.0,67500.0,0.022727272727272728,0.129663929322329,0.870336070677671,0.184419494174103
33,7,16,21,504,6,67600.0,65800.0,26.5,106.80000000000001,0.146181220914317,0.04219745222929936,67600.0,65800.0,-0.026627218934911243,0.1195688683371365,0.8804311316628635,0.2514376955900193
34,28,33,34,1106,12,68000.0,68000.0,50.0,233.20000000000002,0.319189707090063,0.07961783439490445,68000.0,68000.0,0.0,0.12501525001307143,0.8749847499869285,0.33451996659137273
35,1,1,5,147,2,50000.0,50000.0,3.5,31.400000000000002,0.042978373939228036,0.005573248407643312,50000.0,50000.0,0.0,0.12501525001307143,0.8749847499869285,0.19441759893613425
48,1,3,2,34,0,77950.0,77950.0,4.0,6.800000000000001,0.0093074185600876,0.006369426751592357,77950.0,77950.0,0.0,0.12501525001307143,0.8749847499869285,0.1812676881220577
49,1,2,2,39,0,89900.0,89900.0,3.0,7.800000000000001,0.010676156583629894,0.004777070063694267,89900.0,89900.0,0.0,0.12501525001307143,0.8749847499869285,0.18117824065631538
51,0,0,0,51,1,68000.0,68000.0,0.0,11.200000000000001,0.015329865863673693,0.0,68000.0,68000.0,0.0,0.12501525001307143,0.8749847499869285,0.1811288963428552
52,12,17,13,294,3,72000.0,76950.0,23.5,61.800000000000004,0.08458800985491377,0.037420382165605094,72000.0,76950.0,0.06875,0.13907750492357562,0.8609224950764244,0.22098785582349242
53,16,24,34,651,5,83100.0,77000.0,41.0,135.20000000000002,0.18505338078291816,0.06528662420382166,83100.0,77000.0,-0.07340553549939831,0.11000074307438627,0.8899992569256138,0.2781358533798187
54,7,16,27,368,7,62400.0,62400.0,29.5,80.60000000000001,0.1103202846975089,0.046974522292993634,62400.0,62400.0,0.0,0.12501525001307143,0.8749847499869285,0.23791487279358672
68,1,3,0,38,1,80000.0,80000.0,3.0,8.600000000000001,0.01177114700246373,0.004777070063694267,80000.0,80000.0,0.0,0.12501525001307143,0.8749847499869285,0.18161623682384892
69,8,7,4,388,6,75000.0,75000.0,9.0,83.60000000000001,0.11442649876813579,0.014331210191082803,75000.0,75000.0,0.0,0.12501525001307143,0.8749847499869285,0.22650003358107315
71,7,11,5,148,1,72000.0,75500.0,13.5,30.6,0.041883383520394196,0.021496815286624203,72000.0,75500.0,0.04861111111111111,0.13495825853565016,0.8650417414643499,0.19836042781567734
72,19,31,17,537,11,75000.0,77000.0,39.5,118.4,0.1620585819874076,0.06289808917197452,75000.0,77000.0,0.02666666666666667,0.13046970040260034,0.8695302995973997,0.2638887283832328
73,17,36,38,466,6,86900.0,86900.0,55.0,99.2,0.13577881193539557,0.0875796178343949,86900.0,86900.0,0.0,0.12501525001307143,0.8749847499869285,0.2643403219053019
74,1,2,2,29,1,140000.0,140000.0,3.0,6.800000000000001,0.0093074185600876,0.004777070063694267,140000.0,140000.0,0.0,0.12501525001307143,0.8749847499869285,0.18063074544689847
87,0,0,0,9,1,105000.0,115000.0,0.0,2.8,0.003832466465918423,0.0,105000.0,115000.0,0.09523809523809523,0.14449542997567466,0.8555045700243253,0.17263390059123243
88,3,15,10,176,5,66000.0,66000.0,20.0,40.2,0.055023268546400224,0.03184713375796178,66000.0,66000.0,0.0,0.12501525001307143,0.8749847499869285,0.2097451109191305
89,31,31,53,1445,11,62000.0,60000.0,57.5,300.0,0.4106214070626882,0.09156050955414012,62000.0,60000.0,-0.03225806451612903,0.11841712454186712,0.8815828754581329,0.3771893417383579
90,9,14,22,715,8,44000.0,43000.0,25.0,151.0,0.20667944155488638,0.03980891719745223,44000.0,43000.0,-0.022727272727272728,0.12036657070381385,0.8796334292961862,0.27452202936017267
91,1,0,1,33,1,72000.0,72000.0,0.5,7.6000000000000005,0.010402408978921435,0.0007961783439490446,72000.0,72000.0,0.0,0.12501525001307143,0.8749847499869285,0.1794763849265339
92,29,44,37,615,6,80500.0,90000.0,62.5,129.0,0.17656720503695592,0.09952229299363058,80500.0,90000.0,0.11801242236024845,0.14915373387977543,0.8508462661202245,0.28060505243627953
93,15,37,46,379,7,54000.0,48000.0,60.0,82.8,0.11333150834930193,0.09554140127388536,54000.0,48000.0,-0.1111111111111111,0.10228837339003431,0.8977116266099657,0.26309148917126807
94,1,8,4,42,0,350000.0,350000.0,10.0,8.4,0.01149739939775527,0.01592356687898089,350000.0,350000.0,0.0,0.12501525001307143,0.8749847499869285,0.18596533650808017
95,0,0,0,12,0,210000.0,210000.0,0.0,2.4000000000000004,0.003284971256501506,0.0,210000.0,210000.0,0.0,0.12501525001307143,0.8749847499869285,0.17631093849998633
106,4,4,8,6,1,91250.0,91250.0,8.0,2.2,0.003011223651793047,0.012738853503184714,91250.0,91250.0,0.0,0.12501525001307143,0.8749847499869285,0.18129698085937682
107,0,4,2,108,5,80000.0,90000.0,5.0,26.6,0.03640843142622502,0.007961783439490446,80000.0,90000.0,0.125,0.15058298621398816,0.8494170137860119,0.18763148870348856
108,5,7,4,196,2,86200.0,86200.0,9.0,41.2,0.05639200656994252,0.014331210191082803,86200.0,86200.0,0.0,0.12501525001307143,0.8749847499869285,0.20328623670179585
109,16,33,26,1822,21,55000.0,55000.0,46.0,385.40000000000003,0.5275116342732001,0.0732484076433121,55000.0,55000.0,0.0,0.12501525001307143,0.8749847499869285,0.41530096676399064
110,15,29,62,2049,15,45600.0,45000.0,60.0,424.8,0.5814399124007665,0.09554140127388536,45600.0,45000.0,-0.013157894736842105,0.12232390936034335,0.8776760906396567,0.44632774359779215
111,17,18,12,293,2,36700.0,36700.0,24.0,60.6,0.08294552422666301,0.03821656050955414,36700.0,36700.0,0.0,0.12501525001307143,0.8749847499869285,0.22346178389187257
112,12,26,43,963,19,44000.0,44000.0,47.5,211.60000000000002,0.28962496578154945,0.07563694267515923,44000.0,44000.0,0.0,0.12501525001307143,0.8749847499869285,0.3211017133800692
113,22,33,56,1704,16,50700.0,50000.0,61.0,356.8,0.4883657267998905,0.09713375796178345,50700.0,50000.0,-0.013806706114398421,0.12219120025517925,0.8778087997448207,0.4097615538536338
114,6,4,7,129,1,48000.0,48000.0,7.5,26.8,0.03668217903093348,0.01194267515923567,48000.0,48000.0,0.0,0.12501525001307143,0.8749847499869285,0.19444689167345336
115,4,1,4,10,0,502500.0,502500.0,3.0,2.0,0.002737476047084588,0.004777070063694267,502500.0,502500.0,0.0,0.12501525001307143,0.8749847499869285,0.17800276844169727
116,0,565,126,0,0,,,628.0,0.0,0.0,1.0,,,,0.12501525001307143,0.8749847499869285,0.5749969499973857
117,0,0,0,436,0,336000000.0,318640000.0,0.0,87.2,0.11935395565288803,0.0,1000000.0,1000000.0,0.0,0.12501525001307143,0.8749847499869285,0.22273853225854093
125,2,3,6,67,0,65000.0,65000.0,6.0,13.4,0.01834108951546674,0.009554140127388535,65000.0,65000.0,0.0,0.12501525001307143,0.8749847499869285,0.18615504185452783
126,1,4,1,70,1,68000.0,76000.0,4.5,15.0,0.02053107035313441,0.007165605095541401,68000.0,76000.0,0.11764705882352941,0.1490790017315813,0.8509209982684187,0.1812628698331541
127,6,13,14,45,1,108250.0,126000.0,20.0,10.0,0.013687380235422939,0.03184713375796178,108250.0,126000.0,0.16397228637413394,0.1585544513112717,0.8414455486887283,0.18650291533509958
128,8,10,18,188,5,79900.0,82000.0,19.0,42.6,0.05830823980290172,0.030254777070063694,79900.0,82000.0,0.026282853566958697,0.13039119454593,0.86960880545407,0.2093469678400002
129,37,19,32,1617,14,52500.0,50800.0,35.0,337.40000000000003,0.46181220914317,0.05573248407643312,52500.0,50800.0,-0.03238095238095238,0.11839198882578633,0.8816080111742137,0.383339479522684
130,33,47,80,2435,32,39000.0,37000.0,87.0,519.0,0.7103750342184506,0.13853503184713375,39000.0,37000.0,-0.05128205128205128,0.11452592234090045,0.8854740776590996,0.5166588419580537
131,21,17,35,1105,10,47100.0,50000.0,34.5,231.0,0.31617848343826993,0.05493630573248408,47100.0,50000.0,0.06157112526539278,0.13760912432010472,0.8623908756798953,0.32092409080428064
132,20,36,32,284,5,45000.0,45500.0,52.0,61.800000000000004,0.08458800985491377,0.08280254777070063,45000.0,45500.0,0.011111111111111112,0.12728793767537513,0.8727120623246248,0.24149863551517073
133,39,116,78,1419,20,55000.0,55000.0,155.0,303.8,0.41582261155214895,0.24681528662420382,55000.0,55000.0,0.0,0.12501525001307143,0.8749847499869285,0.4400521092679268
134,8,12,6,284,2,47250.0,48000.0,15.0,58.800000000000004,0.0804817957842869,0.02388535031847134,47250.0,48000.0,0.015873015873015872,0.1282619466735053,0.8717380533264947,0.21609446910640223
135,0,1,1,0,0,,,1.5,0.0,0.0,0.0023885350318471337,,,,0.12501525001307143,0.8749847499869285,0.17595236401012457
136,0,0,0,8,0,4670000.0,13585000.0,0.0,1.6,0.0021899808376676703,0.0,1000000.0,1000000.0,0.0,0.12501525001307143,0.8749847499869285,0.1758729423324528
137,5,2,3,0,0,,,3.5,0.0,0.0,0.005573248407643312,,,,0.12501525001307143,0.8749847499869285,0.17722624936044304
138,0,0,0,10,0,2626000.0,2626000.0,0.0,2.0,0.002737476047084588,0.0,1000000.0,1000000.0,0.0,0.12501525001307143,0.8749847499869285,0.17609194041621956
145,3,2,4,127,3,85000.0,85000.0,4.0,28.400000000000002,0.03887215986860115,0.006369426751592357,85000.0,85000.0,0.0,0.12501525001307143,0.8749847499869285,0.1930935846454631
146,4,8,8,512,5,54500.0,54000.0,12.0,107.4,0.1470024637284424,0.01910828025477707,54500.0,54000.0,-0.009174311926605505,0.12313871891575645,0.8768612810842435,0.2418165538101365
147,3,9,10,520,5,58700.0,59950.0,14.0,109.0,0.14919244456611006,0.022292993630573247,58700.0,59950.0,0.02129471890971039,0.1293709120575206,0.8706290879424794,0.24271999286716922
148,5,0,1,85,2,50000.0,50000.0,0.5,19.0,0.026006022447303587,0.0007961783439490446,50000.0,50000.0,0.0,0.12501525001307143,0.8749847499869285,0.18571783031388678
149,28,28,41,847,18,42000.0,42000.0,48.5,187.4,0.2565015056118259,0.07722929936305732,42000.0,42000.0,0.0,0.12501525001307143,0.8749847499869285,0.308489271987339
150,24,22,55,1406,17,39900.0,38000.0,49.5,298.2,0.40815767862031205,0.07882165605095541,39900.0,38000.0,-0.047619047619047616,0.11527516003176981,0.8847248399682301,0.371736701862153
151,33,32,55,1637,13,29000.0,28000.0,59.5,340.40000000000003,0.4659184232137969,0.09474522292993631,29000.0,28000.0,-0.034482758620689655,0.11796208140592199,0.882037918594078,0.4006730421763089
152,23,21,19,433,9,34100.0,40000.0,30.5,95.60000000000001,0.13085135505064333,0.04856687898089172,34100.0,40000.0,0.17302052785923755,0.16040519572225825,0.8395948042777417,0.23968625446816239
153,20,20,15,763,7,70200.0,70200.0,27.5,159.6,0.2184505885573501,0.04378980891719745,70200.0,70200.0,0.0,0.12501525001307143,0.8749847499869285,0.27989310898720476
154,4,11,6,67,0,149000.0,149000.0,14.0,13.4,0.01834108951546674,0.022292993630573247,149000.0,149000.0,0.0,0.12501525001307143,0.8749847499869285,0.19125058325580171
155,0,4,4,11,0,,1245000.0,6.0,2.2,0.003011223651793047,0.009554140127388535,,1000000.0,,0.12501525001307143,0.8749847499869285,0.18002309550905835
156,7,5,2,188,1,82000.0,82000.0,6.0,38.6,0.05283328770873255,0.009554140127388535,82000.0,82000.0,0.0,0.12501525001307143,0.8749847499869285,0.19995192113183416
157,19,63,40,378,2,64800.0,70000.0,83.0,77.60000000000001,0.10621407062688203,0.1321656050955414,64800.0,70000.0,0.08024691358024691,0.14142910535193157,0.8585708946480685,0.2670660492185831
158,1,0,0,4,0,325000.0,325000.0,0.0,0.8,0.0010949904188338351,0.0,325000.0,325000.0,0.0,0.12501525001307143,0.8749847499869285,0.17543494616491925
162,0,0,0,15,1,64500.0,64500.0,0.0,4.0,0.005474952094169176,0.0,64500.0,64500.0,0.0,0.12501525001307143,0.8749847499869285,0.17718693083505338
163,1,5,8,41,0,71000.0,71000.0,9.0,8.200000000000001,0.011223651793046812,0.014331210191082803,71000.0,71000.0,0.0,0.12501525001307143,0.8749847499869285,0.18521889479103756
164,3,9,3,43,1,57000.0,57000.0,10.5,9.6,0.01313988502600602,0.016719745222929936,57000.0,57000.0,0.0,0.12501525001307143,0.8749847499869285,0.1869408020969601
165,7,11,24,236,3,52200.0,50900.0,23.0,50.2,0.06871064878182316,0.03662420382165605,52200.0,50900.0,-0.02490421455938697,0.11992129490790794,0.8800787050920921,0.2181496820598101
166,17,26,28,806,13,50000.0,50000.0,40.0,174.20000000000002,0.23843416370106763,0.06369426751592357,50000.0,50000.0,0.0,0.12501525001307143,0.8749847499869285,0.2958483224841822
167,15,26,55,1818,25,47500.0,45000.0,53.5,388.6,0.5318915959485354,0.08519108280254777,47500.0,45000.0,-0.05263157894736842,0.11424988740215913,0.8857501125978409,0.42398309402000145
168,31,47,62,973,11,50000.0,45000.0,78.0,205.60000000000002,0.28141253764029567,0.12420382165605096,50000.0,45000.0,-0.1,0.10456106105233805,0.8954389389476619,0.341334331508071
169,42,23,46,1738,34,36500.0,36500.0,46.0,381.6,0.5223104297837394,0.0732484076433121,36500.0,36500.0,0.0,0.12501525001307143,0.8749847499869285,0.4132204849682063
170,52,42,73,1645,19,85000.0,85000.0,78.5,348.0,0.4763208321927183,0.125,85000.0,85000.0,0.0,0.12501525001307143,0.8749847499869285,0.4155252828744731
171,44,40,44,651,7,40600.0,40600.0,62.0,137.20000000000002,0.18779085683000277,0.09872611464968153,40600.0,40600.0,0.0,0.12501525001307143,0.8749847499869285,0.2896037385892595
172,15,26,53,317,3,45000.0,81500.0,52.5,66.4,0.09088420476320833,0.08359872611464968,45000.0,81500.0,0.8111111111111111,0.2909214493612423,0.7090785506387577,0.21160888247889476
173,24,39,18,124,2,125000.0,193000.0,48.0,26.8,0.03668217903093348,0.07643312101910828,125000.0,193000.0,0.544,0.2362860379594611,0.7637139620405389,0.1979889124281245
174,5,16,4,31,0,271000.0,1450000.0,18.0,6.2,0.008486175745962223,0.028662420382165606,271000.0,1000000.0,2.690036900369004,0.6752404807280029,0.3247595192719971,0.07981134230565055
175,6,3,5,41,0,385000.0,1610000.0,5.5,8.200000000000001,0.011223651793046812,0.00875796178343949,385000.0,1000000.0,1.5974025974025974,0.45175099574946204,0.5482490042505379,0.11764244628070211
176,37,30,58,1839,16,61000.0,58000.0,59.0,383.8,0.5253216534355324,0.09394904458598727,61000.0,58000.0,-0.04918032786885246,0.11495581281926812,0.8850441871807319,0.42471711664475426
177,22,46,70,2082,18,60000.0,60000.0,81.0,434.40000000000003,0.5945797974267726,0.12898089171974522,60000.0,60000.0,0.0,0.12501525001307143,0.8749847499869285,0.46442122565599286
178,13,34,14,830,9,60000.0,60000.0,41.0,175.0,0.23952915411990144,0.06528662420382166,60000.0,60000.0,0.0,0.12501525001307143,0.8749847499869285,0.29692326132687497
179,3,1,3,11,0,690000.0,690000.0,2.5,2.2,0.003011223651793047,0.003980891719745223,690000.0,690000.0,0.0,0.12501525001307143,0.8749847499869285,0.17779379614600102
180,0,1,1,1,0,87500.0,87500.0,1.5,0.2,0.0002737476047084588,0.0023885350318471337,87500.0,87500.0,0.0,0.12501525001307143,0.8749847499869285,0.17606186305200794
182,1,1,4,113,3,60000.0,60000.0,3.0,25.6,0.035039693402682724,0.004777070063694267,60000.0,60000.0,0.0,0.12501525001307143,0.8749847499869285,0.19092365538393652
183,28,37,29,464,5,75000.0,75000.0,51.5,97.80000000000001,0.13386257870243637,0.08200636942675159,75000.0,75000.0,0.0,0.12501525001307143,0.8749847499869285,0.26134452924906093
184,12,35,38,1090,9,65000.0,63500.0,54.0,227.0,0.3107035313441007,0.08598726114649681,65000.0,63500.0,-0.023076923076923078,0.12029505256059449,0.8797049474394055,0.33461730648412014
185,10,28,39,650,12,50900.0,50000.0,47.5,142.0,0.19436079934300574,0.07563694267515923,50900.0,50000.0,-0.01768172888015717,0.12139859577639951,0.8786014042236004,0.28371937765198607
186,22,29,38,678,16,36000.0,36000.0,48.0,151.6,0.20750068436901176,0.07643312101910828,36000.0,36000.0,0.0,0.12501525001307143,0.8749847499869285,0.28857047215263376
187,20,24,40,1443,22,39900.0,39700.0,44.0,310.6,0.42513003011223655,0.07006369426751592,39900.0,39700.0,-0.005012531328320802,0.12398997738346074,0.8760100226165393,0.37327949427520885
188,4,13,7,1011,10,41000.0,40000.0,16.5,212.20000000000002,0.2904462085956748,0.026273885350318472,41000.0,40000.0,-0.024390243902439025,0.1200264234372828,0.8799735765627172,0.3026827528909408
189,18,14,23,770,14,36000.0,35650.0,25.5,168.0,0.22994798795510538,0.04060509554140127,36000.0,35650.0,-0.009722222222222222,0.1230266483085557,0.8769733516914443,0.28361590373689155
190,20,21,32,678,10,35500.0,34650.0,37.0,145.6,0.199288256227758,0.0589171974522293,35500.0,34650.0,-0.023943661971830985,0.12011776814923386,0.8798822318507662,0.27925862784214817
191,39,53,98,363,7,140000.0,140000.0,102.0,79.60000000000001,0.10895154667396661,0.1624203821656051,140000.0,140000.0,0.0,0.12501525001307143,0.8749847499869285,0.2835457215332144
192,76,92,104,750,0,740000.0,1231100.0,144.0,150.0,0.2053107035313441,0.22929936305732485,740000.0,1000000.0,0.35135135135135137,0.19688131933456712,0.8031186806654329,0.33446776276855417
193,25,35,23,263,0,480000.0,913000.0,46.5,52.6,0.07199562003832466,0.07404458598726114,480000.0,913000.0,0.9020833333333333,0.30952907959635395,0.6904709204036461,0.19651026649096356
194,22,16,14,278,1,296000.0,296000.0,23.0,56.6,0.07747057213249384,0.03662420382165605,296000.0,296000.0,0.0,0.12501525001307143,0.8749847499869285,0.22063486037904567
195,57,38,48,2016,22,58000.0,58000.0,62.0,425.20000000000005,0.5819874076101834,0.09872611464968153,58000.0,58000.0,0.0,0.12501525001307143,0.8749847499869285,0.4472823589013317
196,34,34,45,1904,15,60000.0,60000.0,56.5,395.8,0.54174650971804,0.08996815286624203,60000.0,60000.0,0.0,0.12501525001307143,0.8749847499869285,0.4276828150310985
197,22,29,24,1341,12,72300.0,72000.0,41.0,280.2,0.38352039419655076,0.06528662420382166,72300.0,72000.0,-0.004149377593360996,0.12416652847943105,0.8758334715205689,0.3546895016642628
198,14,23,29,710,7,62000.0,62000.0,37.5,149.0,0.2039419655078018,0.059713375796178345,62000.0,62000.0,0.0,0.12501525001307143,0.8749847499869285,0.2804590865189778
199,5,2,9,309,6,65650.0,65000.0,6.5,67.80000000000001,0.09280043799616755,0.010350318471337579,65650.0,65000.0,-0.009900990099009901,0.12299008278923644,0.8770099172107636,0.2166622860291548
200,0,0,0,18,1,410000.0,410000.0,0.0,4.6,0.006296194908294552,0.0,410000.0,410000.0,0.0,0.12501525001307143,0.8749847499869285,0.17751542796070355
201,2,1,3,47,0,68800.0,67500.0,2.5,9.4,0.012866137421297564,0.003980891719745223,68800.0,67500.0,-0.0188953488372093,0.1211503596571189,0.8788496403428812,0.18250873972499337
202,5,14,12,105,3,65400.0,62000.0,20.0,24.0,0.03284971256501505,0.03184713375796178,65400.0,62000.0,-0.05198776758409786,0.11438157379495316,0.8856184262050468,0.2030024237702001
203,11,25,17,258,3,77000.0,74900.0,33.5,54.6,0.07473309608540925,0.05334394904458599,77000.0,74900.0,-0.02727272727272727,0.11943683484196234,0.8805631651580377,0.22734345108360565
204,3,3,0,175,2,50400.0,47000.0,3.0,37.0,0.05064330687106488,0.004777070063694267,50400.0,47000.0,-0.06746031746031746,0.11121678920622748,0.8887832107937725,0.1999247929326582
205,10,27,24,872,20,41000.0,40000.0,39.0,194.4,0.266082671776622,0.06210191082802548,41000.0,40000.0,-0.024390243902439025,0.1200264234372828,0.8799735765627172,0.3072685483544024
206,16,23,35,1156,29,38600.0,38000.0,40.5,260.20000000000005,0.35614563372570496,0.06449044585987261,38600.0,38000.0,-0.015544041450777202,0.12183584240259472,0.8781641575974053,0.3438872633537121
207,25,33,33,2032,41,40000.0,40000.0,49.5,447.40000000000003,0.6123733917328223,0.07882165605095541,40000.0,40000.0,0.0,0.12501525001307143,0.8749847499869285,0.4514749691108968
208,27,38,28,1284,30,40000.0,35000.0,52.0,286.8,0.3925540651519299,0.08280254777070063,40000.0,35000.0,-0.125,0.09944751381215469,0.9005524861878453,0.3702531424066213
209,23,36,33,605,15,45000.0,45000.0,52.5,136.0,0.18614837120175198,0.08359872611464968,45000.0,45000.0,0.0,0.12501525001307143,0.8749847499869285,0.2828957889239464
210,16,10,12,167,5,90000.0,90000.0,16.0,38.4,0.05255954010402408,0.025477707006369428,90000.0,90000.0,0.0,0.12501525001307143,0.8749847499869285,0.20621184884154312
211,45,90,179,166,1,2500000.0,3380000.0,179.5,34.2,0.04681084040514646,0.285828025477707,1000000.0,1000000.0,0.0,0.12501525001307143,0.8749847499869285,0.3080524963505271
212,83,105,78,713,3,817000.0,1191200.0,144.0,145.6,0.199288256227758,0.22929936305732485,817000.0,1000000.0,0.22399020807833536,0.17083063042695407,0.829169369573046,0.33726892162864236
213,50,53,60,551,0,600000.0,507000.0,83.0,110.2,0.1508349301943608,0.1321656050955414,600000.0,507000.0,-0.155,0.09331125712393466,0.9066887428760654,0.294537962691174
214,59,40,70,1210,12,82700.0,105750.0,75.0,254.0,0.3476594579797427,0.11942675159235669,82700.0,105750.0,0.27871825876662637,0.18202480932926307,0.8179751906707369,0.35042952196298716
215,72,64,90,3319,22,52800.0,50200.0,109.0,685.8000000000001,0.9386805365453053,0.1735668789808917,52800.0,50200.0,-0.04924242424242424,0.11494311150968,0.88505688849032,0.6219103439085428
216,46,70,104,2906,21,56000.0,53000.0,122.0,602.2,0.8242540377771694,0.1942675159235669,56000.0,53000.0,-0.05357142857142857,0.11405764878410711,0.8859423512158929,0.5845970917234732
217,89,89,61,1228,7,66000.0,65000.0,119.5,252.60000000000002,0.3457432247467835,0.19028662420382167,66000.0,65000.0,-0.015151515151515152,0.12191613047356638,0.8780838695264336,0.3900287134855288
218,14,7,10,297,6,72000.0,74700.0,12.0,65.4,0.08951546673966604,0.01910828025477707,72000.0,74700.0,0.0375,0.13268557087334645,0.8673144291266536,0.21691238462310797
219,7,7,6,191,1,82800.0,82800.0,10.0,39.2,0.05365453052285793,0.01592356687898089,82800.0,82800.0,0.0,0.12501525001307143,0.8749847499869285,0.20282818895812124
220,5,8,7,79,2,72300.0,72000.0,11.5,17.8,0.024363536819052834,0.018312101910828025,72300.0,72000.0,-0.004149377593360996,0.12416652847943105,0.8758334715205689,0.19223694979606615
221,12,12,11,202,2,68900.0,68900.0,17.5,42.400000000000006,0.058034492198193274,0.02786624203821656,68900.0,68900.0,0.0,0.12501525001307143,0.8749847499869285,0.20935724369194963
222,1,2,3,70,3,90000.0,80000.0,3.5,17.0,0.023268546400218998,0.005573248407643312,90000.0,80000.0,-0.1111111111111111,0.10228837339003431,0.8977116266099657,0.19107904324513808
223,8,13,7,484,6,55000.0,55000.0,16.5,102.80000000000001,0.14070626882014783,0.026273885350318472,55000.0,55000.0,0.0,0.12501525001307143,0.8749847499869285,0.24178901166557223
224,3,4,4,884,9,1925000.0,2310000.0,6.0,185.8,0.25431152477415825,0.009554140127388535,1000000.0,1000000.0,0.0,0.12501525001307143,0.8749847499869285,0.28054321595800447
225,12,32,31,836,19,45000.0,45000.0,47.5,186.20000000000002,0.2548590199835752,0.07563694267515923,45000.0,45000.0,0.0,0.12501525001307143,0.8749847499869285,0.3071953350608795
226,14,41,44,1389,37,39000.0,38500.0,63.0,314.8,0.43087872981111414,0.10031847133757962,39000.0,38500.0,-0.01282051282051282,0.1223929180950287,0.8776070819049713,0.38800029684047177
227,40,51,66,1707,37,38000.0,36500.0,84.0,378.40000000000003,0.517930468108404,0.1337579617834395,38000.0,36500.0,-0.039473684210526314,0.1169412280548872,0.8830587719451128,0.43728712634575995
228,39,63,80,1390,19,43000.0,42000.0,103.0,297.0,0.4065151929920613,0.16401273885350318,43000.0,42000.0,-0.023255813953488372,0.12025846188266831,0.8797415381173317,0.40415948036169214
229,15,18,32,434,8,45000.0,45000.0,34.0,94.80000000000001,0.12975636463180948,0.054140127388535034,45000.0,45000.0,0.0,0.12501525001307143,0.8749847499869285,0.24855554680552353
230,28,48,73,216,3,31500.0,34000.0,84.5,46.2,0.06323569668765398,0.13455414012738853,31500.0,34000.0,0.07936507936507936,0.1412487333152408,0.8587512666847592,0.25086618806296884
231,32,46,82,27,0,4400000.0,5250200.0,87.0,5.4,0.0073911853271283875,0.13853503184713375,1000000.0,1000000.0,0.0,0.12501525001307143,0.8749847499869285,0.23336743686709058
232,16,22,126,136,2,3000000.0,2155000.0,85.0,29.200000000000003,0.039967150287434985,0.13535031847133758,1000000.0,1000000.0,0.0,0.12501525001307143,0.8749847499869285,0.24512393750089473
233,41,64,100,1174,5,380000.0,333300.0,114.0,239.8,0.3282233780454421,0.18152866242038215,380000.0,333300.0,-0.12289473684210526,0.09987812831659118,0.9001218716834088,0.3839251905230115
234,59,233,128,2174,12,54000.0,53200.0,297.0,446.8,0.6115521489186969,0.4729299363057325,54000.0,53200.0,-0.014814814814814815,0.12198499979666648,0.8780150002033336,0.6093958341304385
235,89,119,144,3006,18,52600.0,50000.0,191.0,619.2,0.8475225841773885,0.304140127388535,52600.0,50000.0,-0.049429657794676805,0.11490481440510436,0.8850951855948956,0.6376841217453486
236,46,36,39,2177,11,60000.0,59000.0,55.5,446.40000000000003,0.61100465370928,0.08837579617834394,60000.0,59000.0,-0.016666666666666666,0.12160621851961585,0.8783937814803842,0.4554309362511264
237,24,16,14,775,6,62000.0,60900.0,23.0,161.0,0.22036682179030934,0.03662420382165605,62000.0,60900.0,-0.017741935483870968,0.12138628100390907,0.878613718996091,0.27851915404400435
238,21,9,10,248,3,82000.0,87900.0,14.0,52.6,0.07199562003832466,0.022292993630573247,82000.0,87900.0,0.07195121951219512,0.1397322884116479,0.8602677115883521,0.20976898778522962
239,5,3,14,147,1,68000.0,68000.0,10.0,30.400000000000002,0.04160963591568574,0.01592356687898089,68000.0,68000.0,0.0,0.12501525001307143,0.8749847499869285,0.19801023111525237
240,1,3,4,83,3,72000.0,72000.0,5.0,19.6,0.026827265261428965,0.007961783439490446,72000.0,72000.0,0.0,0.12501525001307143,0.8749847499869285,0.18891256947775348
241,6,0,6,82,3,84000.0,84000.0,3.0,19.400000000000002,0.026553517656720507,0.004777070063694267,84000.0,84000.0,0.0,0.12501525001307143,0.8749847499869285,0.18752918508555164
242,5,4,2,92,0,66800.0,66800.0,5.0,18.400000000000002,0.025184779633178212,0.007961783439490446,66800.0,66800.0,0.0,0.12501525001307143,0.8749847499869285,0.18825557522645317
243,38,37,45,819,9,66000.0,65000.0,59.5,172.8,0.2365179304681084,0.09474522292993631,66000.0,65000.0,-0.015151515151515152,0.12191613047356638,0.8780838695264336,0.30812203526450466
244,58,131,62,353,6,72200.0,70700.0,162.0,76.60000000000001,0.10484533260333972,0.25796178343949044,72200.0,70700.0,-0.02077562326869806,0.12076576477192183,0.8792342352280782,0.32096969346274773
245,36,63,73,831,17,50000.0,49100.0,99.5,183.20000000000002,0.2507528059129483,0.15843949044585987,50000.0,49100.0,-0.018,0.12133349600013942,0.8786665039998606,0.3394102193434954
246,21,31,36,680,13,42000.0,42000.0,49.0,149.0,0.2039419655078018,0.07802547770700637,42000.0,42000.0,0.0,0.12501525001307143,0.8749847499869285,0.287783927283309
247,28,32,28,724,16,38600.0,38000.0,46.0,160.8,0.2200930741856009,0.0732484076433121,38600.0,38000.0,-0.015544041450777202,0.12183584240259472,0.8781641575974053,0.2929694242510463
248,7,24,31,854,9,38000.0,36000.0,39.5,179.8,0.24609909663290447,0.06289808917197452,38000.0,36000.0,-0.05263157894736842,0.11424988740215913,0.8857501125978409,0.3007488968415198
249,1,2,4,55,3,40000.0,44000.0,4.0,14.0,0.019162332329592115,0.006369426751592357,40000.0,44000.0,0.1,0.14546943897380482,0.8545305610261952,0.18111881583771283
250,36,37,11,37,0,16460000.0,16460000.0,42.5,7.4,0.010128661374212975,0.06767515923566879,1000000.0,1000000.0,0.0,0.12501525001307143,0.8749847499869285,0.20611847824133842
251,34,24,43,43,0,4193500.0,4193500.0,45.5,8.6,0.011771147002463728,0.07245222929936306,1000000.0,1000000.0,0.0,0.12501525001307143,0.8749847499869285,0.20868630051811643
252,20,41,24,72,3,269000.0,2275000.0,53.0,17.4,0.023816041609635914,0.08439490445859872,269000.0,1000000.0,2.717472118959108,0.6808521321802131,0.3191478678197869,0.10711395199125123
253,26,33,29,1286,10,73000.0,80500.0,47.5,267.2,0.36572679989050094,0.07563694267515923,73000.0,80500.0,0.10273972602739725,0.14602982771245504,0.853970172287545,0.34733953148377306
254,63,53,65,1097,9,235000.0,208000.0,85.5,228.4,0.3126197645770599,0.13614649681528662,235000.0,208000.0,-0.1148936170212766,0.10151469248371817,0.8984853075162819,0.359203566060195
255,63,88,105,3513,28,50000.0,50000.0,140.5,730.6,1.0,0.22372611464968153,50000.0,50000.0,0.0,0.12501525001307143,0.8749847499869285,0.6644873958572584
256,37,39,64,1559,6,50000.0,48000.0,71.0,317.8,0.434984943881741,0.11305732484076433,50000.0,48000.0,-0.04,0.11683357442877806,0.8831664255712219,0.3958501926032465
257,20,27,34,1343,14,56900.0,57000.0,44.0,282.6,0.38680536545305233,0.07006369426751592,56900.0,57000.0,0.0017574692442882249,0.12537472609322492,0.874625273906775,0.3576726786695823
258,8,12,15,536,6,64950.0,65700.0,19.5,113.2,0.15494114426498767,0.03105095541401274,64950.0,65700.0,0.011547344110854504,0.1273771655974517,0.8726228344025483,0.24892140675210983
259,5,3,5,135,0,74800.0,74800.0,5.5,27.0,0.036955926635641935,0.00875796178343949,74800.0,74800.0,0.0,0.12501525001307143,0.8749847499869285,0.1932825053650183
260,0,0,0,4,0,85350.0,85350.0,0.0,0.8,0.0010949904188338351,0.0,85350.0,85350.0,0.0,0.12501525001307143,0.8749847499869285,0.17543494616491925
261,1,0,1,14,1,85000.0,85000.0,0.5,3.8000000000000003,0.005201204489460718,0.0007961783439490446,85000.0,85000.0,0.0,0.12501525001307143,0.8749847499869285,0.17739590313074963
262,1,1,5,53,4,68100.0,68100.0,3.5,14.600000000000001,0.019983575143717493,0.005573248407643312,68100.0,68100.0,0.0,0.12501525001307143,0.8749847499869285,0.18521967941793005
263,2,2,1,15,1,64800.0,64800.0,2.5,4.0,0.005474952094169176,0.003980891719745223,64800.0,64800.0,0.0,0.12501525001307143,0.8749847499869285,0.17877928752295147
264,7,6,8,10,0,10943000.0,10943000.0,10.0,2.0,0.002737476047084588,0.01592356687898089,1000000.0,1000000.0,0.0,0.12501525001307143,0.8749847499869285,0.18246136716781192
265,14,8,13,37,1,55000.0,55000.0,14.5,8.4,0.01149739939775527,0.02308917197452229,55000.0,55000.0,0.0,0.12501525001307143,0.8749847499869285,0.18883157854629673
266,35,65,51,176,0,290000.0,330000.0,90.5,35.2,0.04817957842868875,0.14410828025477707,290000.0,330000.0,0.13793103448275862,0.15322792444166922,0.8467720755583308,0.2462695585850525
267,21,8,11,900,3,1671250.0,1825000.0,13.5,183.0,0.2504790583082398,0.021496815286624203,1000000.0,1000000.0,0.0,0.12501525001307143,0.8749847499869285,0.2837872994353313
268,10,20,22,133,3,60000.0,60000.0,31.0,29.6,0.0405146454968519,0.04936305732484077,60000.0,60000.0,0.0,0.12501525001307143,0.8749847499869285,0.21094803112606278
269,0,0,0,1,0,3049100.0,3049100.0,0.0,0.2,0.0002737476047084588,0.0,1000000.0,1000000.0,0.0,0.12501525001307143,0.8749847499869285,0.17510644903926909
270,30,14,1,8,0,2307200.0,245900000.0,14.5,1.6,0.0021899808376676703,0.02308917197452229,1000000.0,1000000.0,0.0,0.12501525001307143,0.8749847499869285,0.1851086111222617
271,72,92,34,269,0,608000.0,608000.0,109.0,53.800000000000004,0.07363810566657542,0.1735668789808917,608000.0,608000.0,0.0,0.12501525001307143,0.8749847499869285,0.27387894385637257
272,41,57,51,359,2,275000.0,390000.0,82.5,73.8,0.10101286613742129,0.13136942675159236,275000.0,390000.0,0.41818181818181815,0.2105509493034111,0.7894490506965889,0.2508427272949233
273,13,21,14,1201,22,53500.0,53500.0,28.0,262.20000000000005,0.35888310977278953,0.044585987261146494,53500.0,53500.0,0.0,0.12501525001307143,0.8749847499869285,0.3363845888109601
274,47,22,31,989,7,164000.0,192000.0,37.5,204.8,0.2803175472214618,0.059713375796178345,164000.0,192000.0,0.17073170731707318,0.15993703604359186,0.8400629639564081,0.30402496199833773
275,16,20,29,1602,9,67600.0,69000.0,34.5,329.40000000000003,0.4508623049548317,0.05493630573248408,67600.0,69000.0,0.020710059171597635,0.1292513246499097,0.8707486753500903,0.3764691793449444
276,20,20,30,788,3,65000.0,64200.0,35.0,160.60000000000002,0.21981932658089245,0.05573248407643312,65000.0,64200.0,-0.012307692307692308,0.12249781137175039,0.8775021886282496,0.28572116198858016
277,12,19,20,641,7,68200.0,61100.0,29.0,135.20000000000002,0.18505338078291816,0.04617834394904458,68200.0,61100.0,-0.10410557184750734,0.10372129962873021,0.8962787003712698,0.2717484299670391
278,2,10,10,190,3,69000.0,70000.0,15.0,41.0,0.05611825896523405,0.02388535031847134,69000.0,70000.0,0.014492753623188406,0.1279796252247719,0.8720203747752281,0.20640551866852777
279,0,1,1,0,0,,,1.5,0.0,0.0,0.0023885350318471337,,,,0.12501525001307143,0.8749847499869285,0.17595236401012457
281,1,0,0,1,0,211000.0,211000.0,0.0,0.2,0.0002737476047084588,0.0,211000.0,211000.0,0.0,0.12501525001307143,0.8749847499869285,0.17510644903926909
282,5,36,27,275,0,4488000.0,5006000.0,49.5,55.0,0.07528059129482617,0.07882165605095541,1000000.0,1000000.0,0.0,0.12501525001307143,0.8749847499869285,0.23663784893569834
283,24,49,29,129,0,250000.0,285000.0,63.5,25.8,0.035313441007391186,0.10111464968152867,250000.0,285000.0,0.14,0.15365111455809818,0.8463488854419018,0.22384101336394832
284,10,13,9,27,0,10963000.0,11043000.0,17.5,5.4,0.0073911853271283875,0.02786624203821656,1000000.0,1000000.0,0.0,0.12501525001307143,0.8749847499869285,0.18909992094352368
285,4,7,0,47,0,390000.0,390000.0,7.0,9.4,0.012866137421297564,0.011146496815286623,390000.0,390000.0,0.0,0.12501525001307143,0.8749847499869285,0.1846020036920194
286,0,2,0,133,2,775000.0,810000.0,2.0,28.6,0.03914590747330961,0.0031847133757961785,775000.0,810000.0,0.04516129032258064,0.13425262567275748,0.8657473743272426,0.19008172320509084
287,12,17,7,286,4,60400.0,59000.0,20.5,61.2,0.08376676704078839,0.03264331210191083,60400.0,59000.0,-0.023178807947019868,0.1202742128367425,0.8797257871632576,0.22250918908973122
288,4,13,6,73,2,74000.0,80000.0,16.0,16.6,0.02272105119080208,0.025477707006369428,74000.0,80000.0,0.08108108108108109,0.14159972754880124,0.8584002724511988,0.19095955776910836
289,15,5,5,53,0,144000.0,149000.0,7.5,10.600000000000001,0.014508623049548319,0.01194267515923567,144000.0,149000.0,0.034722222222222224,0.13211739895777053,0.8678826010422295,0.1841570394919595
290,63,80,6,161,1,350000.0,390000.0,83.0,33.2,0.04544210238160416,0.1321656050955414,350000.0,390000.0,0.11428571428571428,0.14839146596819533,0.8516085340318047,0.24136478979721918
291,60,49,8,296,1,320000.0,328000.0,53.0,60.2,0.0823980290172461,0.08439490445859872,320000.0,328000.0,0.025,0.1301287972532548,0.8698712027467452,0.24069141393968702
292,71,69,37,561,5,108000.0,130000.0,87.5,117.2,0.16041609635915685,0.1393312101910828,108000.0,130000.0,0.2037037037037037,0.16668119048863947,0.8333188095113605,0.286562684522368
293,10,24,26,575,7,55000.0,54000.0,37.0,122.0,0.16698603887215988,0.0589171974522293,55000.0,54000.0,-0.01818181818181818,0.12129630656566535,0.8787036934343346,0.2661020332166226
294,16,25,17,527,7,57800.0,55000.0,33.5,112.4,0.15384615384615385,0.05334394904458599,57800.0,55000.0,-0.04844290657439446,0.11510664636427326,0.8848933536357267,0.2598547118834413
295,17,6,4,94,1,230000.0,230000.0,8.0,19.8,0.027101012866137423,0.012738853503184714,230000.0,230000.0,0.0,0.12501525001307143,0.8749847499869285,0.19093289654511458
296,9,3,3,53,0,195700.0,195700.0,4.5,10.600000000000001,0.014508623049548319,0.007165605095541401,195700.0,195700.0,0.0,0.12501525001307143,0.8749847499869285,0.1836666412554216
297,9,7,3,81,1,88200.0,88200.0,8.5,17.2,0.023542294004927456,0.013535031847133758,88200.0,88200.0,0.0,0.12501525001307143,0.8749847499869285,0.18982788033821021
298,0,1,0,8,0,50000.0,50000.0,1.0,1.6,0.0021899808376676703,0.0015923566878980893,50000.0,50000.0,0.0,0.12501525001307143,0.8749847499869285,0.17650988500761203
301,0,0,0,2,1,815000.0,316875.0,0.0,1.4,0.0019162332329592114,0.0,815000.0,316875.0,-0.6111963190184049,0.0,1.0,0.2007664932931837
302,0,0,0,53,0,4630000.0,4900000.0,0.0,10.600000000000001,0.014508623049548319,0.0,1000000.0,1000000.0,0.0,0.12501525001307143,0.8749847499869285,0.18080039921720503
303,0,0,0,28,0,200000.0,200000.0,0.0,5.6000000000000005,0.007664932931836847,0.0,200000.0,200000.0,0.0,0.12501525001307143,0.8749847499869285,0.17806292317012046
304,0,1,0,0,0,,,1.0,0.0,0.0,0.0015923566878980893,,,,0.12501525001307143,0.8749847499869285,0.17563389267254495
305,2,2,0,24,0,77300.0,86700.0,2.0,4.800000000000001,0.006569942513003012,0.0031847133757961785,77300.0,86700.0,0.12160413971539456,0.14988839053453248,0.8501116094654675,0.1739241842486132
306,4,7,4,56,4,79700.0,79700.0,9.0,15.200000000000001,0.02080481795784287,0.014331210191082803,79700.0,79700.0,0.0,0.12501525001307143,0.8749847499869285,0.18905136125695599
307,2,3,0,30,0,87000.0,87000.0,3.0,6.0,0.008212428141253763,0.004777070063694267,87000.0,87000.0,0.0,0.12501525001307143,0.8749847499869285,0.18019274927936493
308,3,0,0,2,0,50550.0,50550.0,0.0,0.4,0.0005474952094169176,0.0,50550.0,50550.0,0.0,0.12501525001307143,0.8749847499869285,0.17521594808115248
309,18,20,5,210,0,126500.0,146000.0,22.5,42.0,0.057486996988776344,0.035828025477707005,126500.0,146000.0,0.1541501976284585,0.1565454227193403,0.8434545772806596,0.2060169244427253
310,59,60,15,487,2,125000.0,150000.0,67.5,99.4,0.13605255954010403,0.10748407643312102,125000.0,150000.0,0.2,0.16592362793453821,0.8340763720654618,0.2642299288023824
311,1,2,1,83,0,152000.0,135000.0,2.5,16.6,0.02272105119080208,0.003980891719745223,152000.0,135000.0,-0.1118421052631579,0.10213885446488276,0.8978611455351172,0.19025300627124236
312,25,48,54,866,7,80000.0,76500.0,75.0,180.20000000000002,0.2466465918423214,0.11942675159235669,80000.0,76500.0,-0.04375,0.11606654234275059,0.8839334576572494,0.32321602890532114
313,19,49,16,433,12,63000.0,73000.0,57.0,98.60000000000001,0.1349575691212702,0.09076433121019108,63000.0,73000.0,0.15873015873015872,0.15748221661741016,0.8425177833825899,0.2587923168091025
314,20,28,34,857,13,66900.0,64000.0,45.0,184.4,0.252395291541199,0.07165605095541401,66900.0,64000.0,-0.043348281016442454,0.11614871070273856,0.8838512892972614,0.3063907948580975
315,13,15,19,535,5,68000.0,68000.0,24.5,112.0,0.15329865863673692,0.03901273885350318,68000.0,68000.0,0.0,0.12501525001307143,0.8749847499869285,0.25192150899348176
316,16,7,4,116,0,110150.0,110150.0,9.0,23.200000000000003,0.031754722146181226,0.014331210191082803,110150.0,110150.0,0.0,0.12501525001307143,0.8749847499869285,0.19343132293229132
317,4,3,1,377,3,3843000.0,4392000.0,3.5,78.4,0.10730906104571586,0.005573248407643312,1000000.0,1000000.0,0.0,0.12501525001307143,0.8749847499869285,0.22014987377872938
326,4,6,0,0,0,,,6.0,0.0,0.0,0.009554140127388535,,,,0.12501525001307143,0.8749847499869285,0.17881860604834113
327,7,9,0,13,0,113500.0,113500.0,9.0,2.6,0.0035587188612099642,0.014331210191082803,113500.0,113500.0,0.0,0.12501525001307143,0.8749847499869285,0.18215292161830282
328,3,5,3,89,1,110000.0,110000.0,6.5,18.8,0.02573227484259513,0.010350318471337579,110000.0,110000.0,0.0,0.12501525001307143,0.8749847499869285,0.1894299873229588
329,25,26,10,422,5,100300.0,117000.0,31.0,89.4,0.12236517930468109,0.04936305732484077,100300.0,117000.0,0.16650049850448653,0.15907157659774218,0.8409284234022578,0.23687697933226032
330,36,45,16,597,3,119900.0,131000.0,53.0,122.4,0.16753353408157678,0.08439490445859872,119900.0,131000.0,0.09257714762301918,0.14395115472234088,0.8560488452776591,0.27198114447160204
331,21,42,23,704,3,73900.0,75000.0,53.5,143.8,0.1968245277853819,0.08519108280254777,73900.0,75000.0,0.014884979702300407,0.12805985188814678,0.8719401481118532,0.28719427385754254
332,32,68,28,735,3,69100.0,80000.0,82.0,150.0,0.2053107035313441,0.1305732484076433,69100.0,80000.0,0.1577424023154848,0.15728017905388098,0.8427198209461191,0.3028975449648188
333,8,30,27,108,3,68800.0,135000.0,43.5,24.6,0.03367095537914044,0.06926751592356688,68800.0,135000.0,0.9622093023255814,0.3218273589085003,0.6781726410914997,0.17680991673938287
334,33,30,36,888,9,79000.0,75600.0,48.0,186.60000000000002,0.25540651519299207,0.07643312101910828,79000.0,75600.0,-0.043037974683544304,0.11621218134642668,0.8837878186535734,0.30949341821555487
335,22,21,22,703,9,69300.0,69300.0,32.0,149.6,0.20476320832192718,0.050955414012738856,69300.0,69300.0,0.0,0.12501525001307143,0.8749847499869285,0.2772843989312521
336,20,14,20,655,4,75000.0,75000.0,24.0,135.0,0.1847796331782097,0.03821656050955414,75000.0,75000.0,0.0,0.12501525001307143,0.8749847499869285,0.26419542747249125
337,19,13,12,243,2,85000.0,85000.0,19.0,50.6,0.06925814399124007,0.030254777070063694,85000.0,85000.0,0.0,0.12501525001307143,0.8749847499869285,0.21480211842190722
346,3,6,0,0,0,,,6.0,0.0,0.0,0.009554140127388535,,,,0.12501525001307143,0.8749847499869285,0.17881860604834113
347,4,12,2,14,1,108500.0,108500.0,13.0,3.8000000000000003,0.005201204489460718,0.020700636942675158,108500.0,108500.0,0.0,0.12501525001307143,0.8749847499869285,0.18535768657024007
348,2,0,1,3,0,95000.0,95000.0,0.5,0.6000000000000001,0.0008212428141253765,0.0007961783439490446,95000.0,95000.0,0.0,0.12501525001307143,0.8749847499869285,0.17564391846061547
349,9,10,7,274,3,91000.0,91000.0,13.5,57.800000000000004,0.07911305776074459,0.021496815286624203,91000.0,91000.0,0.0,0.12501525001307143,0.8749847499869285,0.21524089921633324
350,13,12,12,331,4,85200.0,85200.0,18.0,70.2,0.09608540925266904,0.028662420382165606,85200.0,85200.0,0.0,0.12501525001307143,0.8749847499869285,0.22489608185131957
351,6,4,9,439,7,76000.0,75000.0,8.5,94.80000000000001,0.12975636463180948,0.013535031847133758,76000.0,75000.0,-0.013157894736842105,0.12232390936034335,0.8776760906396567,0.23285177671950866
352,45,44,52,1710,11,84300.0,87500.0,70.0,353.0,0.4831645223104298,0.11146496815286625,84300.0,87500.0,0.03795966785290629,0.13277959220457164,0.8672204077954284,0.4112958777444041
353,9,34,21,68,2,143000.0,330200.0,44.5,15.600000000000001,0.021352313167259787,0.07085987261146497,143000.0,330200.0,1.309090909090909,0.3927791782263086,0.6072208217736914,0.1583290386662282
354,6,14,11,303,7,52000.0,51000.0,19.5,67.6,0.09252669039145907,0.03105095541401274,52000.0,51000.0,-0.019230769230769232,0.1210817521360073,0.8789182478639928,0.2252147078949873
355,5,5,2,39,1,93600.0,105000.0,6.0,8.8,0.012044894607172188,0.009554140127388535,93600.0,105000.0,0.12179487179487179,0.14992740323447748,0.8500725967655225,0.1786541332469288
356,27,34,35,304,4,90000.0,90300.0,51.5,64.80000000000001,0.08869422392554066,0.08200636942675159,90000.0,90300.0,0.0033333333333333335,0.12569705631176253,0.8743029436882375,0.2431408260785644
357,31,44,33,294,4,75000.0,75000.0,60.5,62.800000000000004,0.08595674787845607,0.0963375796178344,75000.0,75000.0,0.0,0.12501525001307143,0.8749847499869285,0.24791468099590191
358,2,5,2,1,0,50000.0,50000.0,6.0,0.2,0.0002737476047084588,0.009554140127388535,50000.0,50000.0,0.0,0.12501525001307143,0.8749847499869285,0.1789281050902245
367,3,3,0,18,1,97100.0,97100.0,3.0,4.6,0.006296194908294552,0.004777070063694267,97100.0,97100.0,0.0,0.12501525001307143,0.8749847499869285,0.17942625598618125
368,2,1,2,17,2,92000.0,92000.0,2.0,5.4,0.0073911853271283875,0.0031847133757961785,92000.0,92000.0,0.0,0.12501525001307143,0.8749847499869285,0.17922730947855553
369,6,4,0,24,0,101850.0,101850.0,4.0,4.800000000000001,0.006569942513003012,0.006369426751592357,101850.0,101850.0,0.0,0.12501525001307143,0.8749847499869285,0.18017269770322386
370,11,7,1,76,2,100200.0,100200.0,7.5,17.200000000000003,0.02354229400492746,0.01194267515923567,100200.0,100200.0,0.0,0.12501525001307143,0.8749847499869285,0.18919093766305098
371,6,7,2,88,3,96200.0,105900.0,8.0,20.6,0.02819600328497126,0.012738853503184714,96200.0,105900.0,0.10083160083160084,0.14563953617929948,0.8543604638207005,0.1872460354794025
372,10,21,34,994,20,58100.0,56200.0,38.0,218.8,0.29947987955105393,0.06050955414012739,58100.0,56200.0,-0.03270223752151463,0.11832627255603297,0.881673727443967,0.32033051896526593
373,16,13,29,105,2,56600.0,56600.0,27.5,23.0,0.031480974541472764,0.04378980891719745,56600.0,56600.0,0.0,0.12501525001307143,0.8749847499869285,0.2051052633808538
374,4,5,3,134,1,69900.0,69900.0,6.5,27.8,0.038050917054475775,0.010350318471337579,69900.0,69900.0,0.0,0.12501525001307143,0.8749847499869285,0.19435744420771106
375,12,6,6,321,0,75850.0,72000.0,9.0,64.2,0.08787298111141528,0.014331210191082803,75850.0,72000.0,-0.05075807514831905,0.11463309740940318,0.8853669025905968,0.2179550570391186
376,24,31,26,573,2,94900.0,94900.0,44.0,116.60000000000001,0.1595948535450315,0.07006369426751592,94900.0,94900.0,0.0,0.12501525001307143,0.8749847499869285,0.2668603691224047
377,22,20,29,438,5,63500.0,62200.0,34.5,92.60000000000001,0.12674514098001644,0.05493630573248408,63500.0,62200.0,-0.02047244094488189,0.12082777825733074,0.8791722217426693,0.24850702303353409
378,0,0,0,61,0,96000.0,96000.0,0.0,12.200000000000001,0.016698603887215988,0.0,96000.0,96000.0,0.0,0.12501525001307143,0.8749847499869285,0.1816763915522721
389,2,2,1,7,0,116900.0,116900.0,2.5,1.4000000000000001,0.0019162332329592116,0.003980891719745223,116900.0,116900.0,0.0,0.12501525001307143,0.8749847499869285,0.17735579997846748
390,7,3,2,17,1,124000.0,124000.0,4.0,4.4,0.006022447303586094,0.006369426751592357,124000.0,124000.0,0.0,0.12501525001307143,0.8749847499869285,0.1799536996194571
391,12,21,4,209,1,375000.0,400000.0,23.0,42.800000000000004,0.05858198740761019,0.03662420382165605,375000.0,400000.0,0.06666666666666667,0.1386513759868937,0.8613486240131063,0.21035220129432775
392,24,43,41,406,10,64000.0,63000.0,63.5,91.2,0.12482890774705721,0.10111464968152867,64000.0,63000.0,-0.015625,0.12181928298795684,0.8781807170120431,0.266013566373843
393,52,139,18,166,1,830600.0,830600.0,148.0,34.2,0.04681084040514646,0.2356687898089172,830600.0,830600.0,0.0,0.12501525001307143,0.8749847499869285,0.2879888020830112
394,7,22,5,123,4,69000.0,69000.0,24.5,28.6,0.03914590747330961,0.03901273885350318,69000.0,69000.0,0.0,0.12501525001307143,0.8749847499869285,0.20626040852811084
395,11,7,9,395,3,75000.0,75000.0,11.5,82.0,0.1122365179304681,0.018312101910828025,75000.0,75000.0,0.0,0.12501525001307143,0.8749847499869285,0.22721639793390416
396,34,43,35,1024,6,84200.0,83050.0,60.5,210.8,0.2885299753627156,0.0963375796178344,84200.0,83050.0,-0.013657957244655582,0.12222162563007341,0.8777783743699266,0.3295026968662053
397,17,15,26,735,7,66600.0,65000.0,28.0,154.0,0.21078565562551327,0.044585987261146494,66600.0,65000.0,-0.024024024024024024,0.12010133074322557,0.8798986692567744,0.2781283910060188
398,0,0,0,88,2,125000.0,125000.0,0.0,19.6,0.026827265261428965,0.0,125000.0,125000.0,0.0,0.12501525001307143,0.8749847499869285,0.1857278561019573
409,1,0,0,2,0,140000.0,140000.0,0.0,0.4,0.0005474952094169176,0.0,140000.0,140000.0,0.0,0.12501525001307143,0.8749847499869285,0.17521594808115248
410,5,1,4,4,0,138000.0,128000.0,3.0,0.8,0.0010949904188338351,0.004777070063694267,138000.0,128000.0,-0.07246376811594203,0.11019337395456898,0.889806626045431,0.18031014940209747
411,3,4,5,35,0,216000.0,216000.0,6.5,7.0,0.009581166164796057,0.010350318471337579,216000.0,216000.0,0.0,0.12501525001307143,0.8749847499869285,0.18296954385183917
412,9,9,50,181,7,62000.0,62000.0,34.0,43.2,0.0591294826170271,0.054140127388535034,62000.0,62000.0,0.0,0.12501525001307143,0.8749847499869285,0.22030479399961056
413,0,7,7,109,3,64400.0,64000.0,10.5,24.8,0.03394470298384889,0.016719745222929936,64400.0,64000.0,-0.006211180124223602,0.12374480349377122,0.8762551965062287,0.19551681858395728
414,4,1,1,43,0,280000.0,280000.0,1.5,8.6,0.011771147002463728,0.0023885350318471337,280000.0,280000.0,0.0,0.12501525001307143,0.8749847499869285,0.18066082281111007
415,7,8,11,212,3,70000.0,64000.0,13.5,45.400000000000006,0.06214070626882015,0.021496815286624203,70000.0,64000.0,-0.08571428571428572,0.10748308804672851,0.8925169119532714,0.21195839101283204
416,13,5,9,166,2,89000.0,89000.0,9.5,35.2,0.04817957842868875,0.015127388535031847,89000.0,89000.0,0.0,0.12501525001307143,0.8749847499869285,0.20031973678287396
417,2,3,4,200,0,102100.0,102100.0,5.0,40.0,0.054749520941691755,0.007961783439490446,102100.0,102100.0,0.0,0.12501525001307143,0.8749847499869285,0.2000814717498586
430,1,2,1,38,0,127000.0,127000.0,2.5,7.6000000000000005,0.010402408978921435,0.003980891719745223,127000.0,127000.0,0.0,0.12501525001307143,0.8749847499869285,0.18075027027685237
431,6,4,16,24,1,87000.0,87000.0,12.0,5.800000000000001,0.007938680536545306,0.01910828025477707,87000.0,87000.0,0.0,0.12501525001307143,0.8749847499869285,0.18581573431391465
432,4,5,7,84,1,64300.0,64300.0,8.5,17.8,0.024363536819052834,0.013535031847133758,64300.0,64300.0,0.0,0.12501525001307143,0.8749847499869285,0.19015637746386035
433,20,21,27,201,2,400000.0,696100.0,34.5,42.2,0.057760744593484806,0.05493630573248408,400000.0,696100.0,0.74025,0.27642738379490034,0.7235726162050997,0.1897933433714075
434,0,0,0,73,0,90000.0,475000.0,0.0,14.600000000000001,0.019983575143717493,0.0,90000.0,475000.0,4.277777777777778,1.0,0.0,0.007993430057486997
435,9,14,12,293,3,75200.0,76000.0,20.0,61.6,0.08431426225020532,0.03184713375796178,75200.0,76000.0,0.010638297872340425,0.12719122756208562,0.8728087724379143,0.22102631289084973
436,8,5,4,184,1,200000.0,200000.0,7.0,37.800000000000004,0.05173829728989872,0.011146496815286623,200000.0,200000.0,0.0,0.12501525001307143,0.8749847499869285,0.20015086763945986
450,2,3,2,12,0,101650.0,101650.0,4.0,2.4000000000000004,0.003284971256501506,0.006369426751592357,101650.0,101650.0,0.0,0.12501525001307143,0.8749847499869285,0.17885870920062327
451,18,7,8,35,1,91000.0,91000.0,11.0,8.0,0.010949904188338352,0.01751592356687898,91000.0,91000.0,0.0,0.12501525001307143,0.8749847499869285,0.18638328109947264
452,0,4,3,32,1,83000.0,85650.0,5.5,7.4,0.010128661374212975,0.00875796178343949,83000.0,85650.0,0.031927710843373494,0.1315458043198116,0.8684541956801883,0.18124548839909865
453,5,8,3,257,1,216000.0,216000.0,9.5,52.400000000000006,0.07172187243361622,0.015127388535031847,216000.0,216000.0,0.0,0.12501525001307143,0.8749847499869285,0.20973665438484496
454,6,2,3,78,0,560000.0,820000.0,3.5,15.600000000000001,0.021352313167259787,0.005573248407643312,560000.0,820000.0,0.4642857142857143,0.21998112733076217,0.7800188726692379,0.16677399916380883
455,12,12,8,264,5,72000.0,72000.0,16.0,57.800000000000004,0.07911305776074459,0.025477707006369428,72000.0,72000.0,0.0,0.12501525001307143,0.8749847499869285,0.21683325590423133
456,4,2,2,67,2,60000.0,60000.0,3.0,15.4,0.02107856556255133,0.004777070063694267,60000.0,60000.0,0.0,0.12501525001307143,0.8749847499869285,0.18533920424788394
470,0,0,0,1,0,95000.0,95000.0,0.0,0.2,0.0002737476047084588,0.0,95000.0,95000.0,0.0,0.12501525001307143,0.8749847499869285,0.17510644903926909
471,12,10,14,75,1,88000.0,88000.0,17.0,16.0,0.021899808376676703,0.027070063694267517,88000.0,88000.0,0.0,0.12501525001307143,0.8749847499869285,0.1945848988257634
472,0,1,0,16,0,84200.0,76000.0,1.0,3.2,0.0043799616753353405,0.0015923566878980893,84200.0,76000.0,-0.09738717339667459,0.10509549354299853,0.8949045064570015,0.18136982863669368
473,0,0,0,3,0,456800.0,456800.0,0.0,0.6000000000000001,0.0008212428141253765,0.0,456800.0,456800.0,0.0,0.12501525001307143,0.8749847499869285,0.17532544712303585
474,7,12,4,32,1,1385900.0,1385900.0,14.0,7.4,0.010128661374212975,0.022292993630573247,1000000.0,1000000.0,0.0,0.12501525001307143,0.8749847499869285,0.1879656119993002
475,0,0,0,5,0,58100.0,58100.0,0.0,1.0,0.001368738023542294,0.0,58100.0,58100.0,0.0,0.12501525001307143,0.8749847499869285,0.17554444520680262
490,2,1,2,8,0,164000.0,164000.0,2.0,1.6,0.0021899808376676703,0.0031847133757961785,164000.0,164000.0,0.0,0.12501525001307143,0.8749847499869285,0.17714682768277126
491,1,0,1,8,1,175000.0,175000.0,0.5,2.6,0.0035587188612099642,0.0007961783439490446,175000.0,175000.0,0.0,0.12501525001307143,0.8749847499869285,0.17673890887944932
493,0,1,0,4,0,129600.0,129600.0,1.0,0.8,0.0010949904188338351,0.0015923566878980893,129600.0,129600.0,0.0,0.12501525001307143,0.8749847499869285,0.1760718888400785
510,2,3,1,15,0,15200000.0,15200000.0,3.5,3.0,0.0041062140706268815,0.005573248407643312,1000000.0,1000000.0,0.0,0.12501525001307143,0.8749847499869285,0.1788687349886938
